Date,NE,RSSI_PUCCH(EUCell_Eric)(CRA),Site,Anomaly,Latitude,Longitude,TowerHeight,AntennaHeight,Azimuth,MTilt,ETilt
2025-09-01 00:00:00,KJ0002A,-109.00657169397753,KJ0002,False,35.82944987883623,50.98081316968394,45,26.5,0,0,4
2025-09-01 00:00:00,KJ0002B,-110.27652860234237,KJ0002,False,35.82372665505707,50.97083949831636,45,26.5,120,0,4
2025-09-01 00:00:00,KJ0002C,-109.44191741559972,KJ0002,False,35.82897145155592,50.969251689885915,45,26.5,240,0,2
2025-09-01 00:00:00,KJ0003A,-107.97896943038695,KJ0003,False,35.829249975445336,50.98761105418031,45,26.5,0,0,2
2025-09-01 00:00:00,KJ0003B,-110.92683538562493,KJ0003,False,35.82089484485919,50.97933512863264,45,26.5,120,0,Unavailable Ret
2025-09-01 00:00:00,KJ0003C,-110.93145950714052,KJ0003,False,35.81527124850083,50.97933549320516,45,26.5,240,0,4
2025-09-01 01:00:00,KJ0002A,-109.56199690283987,KJ0002,False,35.82213723686587,50.97796139968434,45,26.5,0,0,4
2025-09-01 01:00:00,KJ0002B,-110.19071844872573,KJ0002,False,35.82717772018666,50.97648923982534,45,26.5,120,0,Unavailable Ret
2025-09-01 01:00:00,KJ0002C,-109.79467022353776,KJ0002,False,35.82696089703803,50.97225048247375,45,26.5,240,0,4
2025-09-01 01:00:00,KJ0003A,-108.48405959506766,KJ0003,False,35.815075299223196,50.987684035113695,45,26.5,0,0,2
2025-09-01 01:00:00,KJ0003B,-109.90641247469922,KJ0003,False,35.81676344228013,50.98252466053024,45,26.5,120,0,4
2025-09-01 01:00:00,KJ0003C,-106.81102513239412,KJ0003,False,35.82847527037651,50.98103993315565,45,26.5,240,0,Unavailable Ret
2025-09-01 02:00:00,KJ0002A,-105.85491017579362,KJ0002,False,35.82104422152179,50.97924136042356,45,26.5,0,0,2
2025-09-01 02:00:00,KJ0002B,-109.94168729994205,KJ0002,False,35.8261640065564,50.96946626584911,45,26.5,120,0,2
2025-09-01 02:00:00,KJ0002C,-107.06272336789227,KJ0002,False,35.833247484700465,50.970609850041036,45,26.5,240,0,4
2025-09-01 02:00:00,KJ0003A,-105.73647792210278,KJ0003,False,35.82522668520052,50.98806344048698,45,26.5,0,0,0
2025-09-01 02:00:00,KJ0003B,-110.45704398073485,KJ0003,False,35.83138475018304,50.97597506653387,45,26.5,120,0,Unavailable Ret
2025-09-01 02:00:00,KJ0003C,-108.93968841678942,KJ0003,False,35.82695068495374,50.97435998364045,45,26.5,240,0,0
2025-09-01 03:00:00,KJ0002A,-105.30022050464119,KJ0002,False,35.82939014336082,50.984265406933716,45,26.5,0,0,0
2025-09-01 03:00:00,KJ0002B,-104.68896917488055,KJ0002,False,35.83333601757027,50.98186154051004,45,26.5,120,0,Unavailable Ret
2025-09-01 03:00:00,KJ0002C,-105.80193923126014,KJ0002,False,35.821427960497054,50.97011116700572,45,26.5,240,0,4
2025-09-01 03:00:00,KJ0003A,-104.51337583982254,KJ0003,False,35.82818682505327,50.98215844713235,45,26.5,0,0,Unavailable Ret
2025-09-01 03:00:00,KJ0003B,-104.7948752556064,KJ0003,False,35.82425429850324,50.971231884918765,45,26.5,120,0,2
2025-09-01 03:00:00,KJ0003C,-105.87134332540933,KJ0003,False,35.83178827648532,50.98327459042329,45,26.5,240,0,4
2025-09-01 04:00:00,KJ0002A,-105.7415250592977,KJ0002,False,35.82526465658764,50.97739082036717,45,26.5,0,0,2
2025-09-01 04:00:00,KJ0002B,-102.54058566944978,KJ0002,False,35.823596730037316,50.972874384046705,45,26.5,120,0,Unavailable Ret
2025-09-01 04:00:00,KJ0002C,-108.50737389826061,KJ0002,False,35.824981413823295,50.98699132947852,45,26.5,240,0,4
2025-09-01 04:00:00,KJ0003A,-103.58488974639896,KJ0003,False,35.826898347585555,50.979636821826034,45,26.5,0,0,0
2025-09-01 04:00:00,KJ0003B,-107.28686018686417,KJ0003,False,35.83340395304685,50.98500240759129,45,26.5,120,0,0
2025-09-01 04:00:00,KJ0003C,-106.67338706824688,KJ0003,False,35.816919885196604,50.97797069140966,45,26.5,240,0,Unavailable Ret
2025-09-01 05:00:00,KJ0002A,-102.4266466014551,KJ0002,False,35.83273182599847,50.97520006949944,45,26.5,0,0,0
2025-09-01 05:00:00,KJ0002B,-104.81926428064499,KJ0002,False,35.82025264498769,50.98179380241083,45,26.5,120,0,0
2025-09-01 05:00:00,KJ0002C,-104.57813031442551,KJ0002,False,35.81494904261062,50.97905494605155,45,26.5,240,0,0
2025-09-01 05:00:00,KJ0003A,-104.64826032419488,KJ0003,False,35.82450659942718,50.982688720657805,45,26.5,0,0,2
2025-09-01 05:00:00,KJ0003B,-104.26449821548763,KJ0003,False,35.82127405864041,50.979215812434866,45,26.5,120,0,0
2025-09-01 05:00:00,KJ0003C,-105.50249268525678,KJ0003,False,35.82288672342116,50.97013784494218,45,26.5,240,0,2
2025-09-01 06:00:00,KJ0002A,-108.83754243059808,KJ0002,False,35.82050680988755,50.96957773894709,45,26.5,0,0,0
2025-09-01 06:00:00,KJ0002B,-105.05302775089844,KJ0002,False,35.83434229911665,50.97706074026636,45,26.5,120,0,4
2025-09-01 06:00:00,KJ0002C,-104.04449180113295,KJ0002,False,35.81960123781334,50.97173789744182,45,26.5,240,0,Unavailable Ret
2025-09-01 06:00:00,KJ0003A,-105.51805728947778,KJ0003,False,35.82376566329146,50.979897861781424,45,26.5,0,0,4
2025-09-01 06:00:00,KJ0003B,-102.71435437096996,KJ0003,False,35.81956275087985,50.983404326972234,45,26.5,120,0,Unavailable Ret
2025-09-01 06:00:00,KJ0003C,-103.49613393462646,KJ0003,False,35.82421601268892,50.9885084628179,45,26.5,240,0,2
2025-09-01 07:00:00,KJ0002A,-106.9316525056142,KJ0002,False,35.831516049911784,50.97525560129943,45,26.5,0,0,2
2025-09-01 07:00:00,KJ0002B,-105.01658097138551,KJ0002,False,35.828726256135816,50.98600717609627,45,26.5,120,0,Unavailable Ret
2025-09-01 07:00:00,KJ0002C,-108.27169773068692,KJ0002,False,35.82771345580819,50.9723273285801,45,26.5,240,0,0
2025-09-01 07:00:00,KJ0003A,-105.0332449189426,KJ0003,False,35.82276144042175,50.97919502701055,45,26.5,0,0,Unavailable Ret
2025-09-01 07:00:00,KJ0003B,-105.94689966650789,KJ0003,False,35.81707947042481,50.98733387236557,45,26.5,120,0,2
2025-09-01 07:00:00,KJ0003C,-106.94139561621235,KJ0003,False,35.8287256879869,50.973411000435945,45,26.5,240,0,Unavailable Ret
2025-09-01 08:00:00,KJ0002A,-105.21495311186955,KJ0002,False,35.82540301156712,50.97367704581801,45,26.5,0,0,Unavailable Ret
2025-09-01 08:00:00,KJ0002B,-103.05558747251294,KJ0002,False,35.834118387025775,50.98000586907214,45,26.5,120,0,Unavailable Ret
2025-09-01 08:00:00,KJ0002C,-108.5499558764454,KJ0002,False,35.82179419149225,50.9833591135774,45,26.5,240,0,4
2025-09-01 08:00:00,KJ0003A,-103.28841846885052,KJ0003,False,35.83193648583756,50.976930162542445,45,26.5,0,0,0
2025-09-01 08:00:00,KJ0003B,-107.02992242423478,KJ0003,False,35.81804257428189,50.98681108377054,45,26.5,120,0,Unavailable Ret
2025-09-01 08:00:00,KJ0003C,-105.20536558675579,KJ0003,False,35.82642373242873,50.97628565533123,45,26.5,240,0,0
2025-09-01 09:00:00,KJ0002A,-106.11480007008431,KJ0002,False,35.82864790395385,50.98187922519005,45,26.5,0,0,0
2025-09-01 09:00:00,KJ0002B,-108.89817587878574,KJ0002,False,35.81832850505354,50.96920150727231,45,26.5,120,0,2
2025-09-01 09:00:00,KJ0002C,-104.14727493605245,KJ0002,False,35.827802657980946,50.985824468209884,45,26.5,240,0,0
2025-09-01 09:00:00,KJ0003A,-108.10583073077068,KJ0003,False,35.82097121583705,50.979690804611096,45,26.5,0,0,4
2025-09-01 09:00:00,KJ0003B,-109.20420820749986,KJ0003,False,35.81968979286758,50.988300211095044,45,26.5,120,0,0
2025-09-01 09:00:00,KJ0003C,-108.00802759305378,KJ0003,False,35.824544843059186,50.98696197575437,45,26.5,240,0,4
2025-09-01 10:00:00,KJ0002A,-107.47399621624419,KJ0002,False,35.82634807769253,50.978690353876374,45,26.5,0,0,0
2025-09-01 10:00:00,KJ0002B,-104.59293184568537,KJ0002,False,35.81941370536483,50.97882386759769,45,26.5,120,0,Unavailable Ret
2025-09-01 10:00:00,KJ0002C,-107.41603987105995,KJ0002,False,35.81835221358814,50.98764917168705,45,26.5,240,0,0
2025-09-01 10:00:00,KJ0003A,-107.77454363419564,KJ0003,False,35.82040120683593,50.986509880445325,45,26.5,0,0,Unavailable Ret
2025-09-01 10:00:00,KJ0003B,-106.55352475085292,KJ0003,False,35.834082399541785,50.985900189109344,45,26.5,120,0,4
2025-09-01 10:00:00,KJ0003C,-107.64565782531375,KJ0003,False,35.82092394038574,50.972658220623,45,26.5,240,0,0
2025-09-01 11:00:00,KJ0002A,-110.55799801291035,KJ0002,False,35.825946025249166,50.98756309548321,45,26.5,0,0,2
2025-09-01 11:00:00,KJ0002B,-109.73183540975863,KJ0002,False,35.83341033669622,50.97024832261699,45,26.5,120,0,2
2025-09-01 11:00:00,KJ0002C,-108.5894873375954,KJ0002,False,35.832357461438555,50.98365537235508,45,26.5,240,0,0
2025-09-01 11:00:00,KJ0003A,-110.99184537014864,KJ0003,False,35.81754242662884,50.9830182199382,45,26.5,0,0,4
2025-09-01 11:00:00,KJ0003B,-106.89566085457427,KJ0003,False,35.831012267893584,50.9861814463716,45,26.5,120,0,0
2025-09-01 11:00:00,KJ0003C,-109.91371351945645,KJ0003,False,35.81644188360801,50.968943697255476,45,26.5,240,0,Unavailable Ret
2025-09-01 12:00:00,KJ0002A,-108.85821897861366,KJ0002,False,35.82884933754515,50.98475585338872,45,26.5,0,0,Unavailable Ret
2025-09-01 12:00:00,KJ0002B,-107.7288687196388,KJ0002,False,35.83254234297901,50.96939233543747,45,26.5,120,0,2
2025-09-01 12:00:00,KJ0002C,-109.66995440378132,KJ0002,False,35.81552884547593,50.978151960362645,45,26.5,240,0,4
2025-09-01 12:00:00,KJ0003A,-111.71185783565873,KJ0003,False,35.83444681776621,50.98561867004138,45,26.5,0,0,2
2025-09-01 12:00:00,KJ0003B,-110.94386373157887,KJ0003,False,35.81735121025304,50.979284865201095,45,26.5,120,0,0
2025-09-01 12:00:00,KJ0003C,-107.82209880606527,KJ0003,False,35.820240858316396,50.98814503660781,45,26.5,240,0,4
2025-09-01 13:00:00,KJ0002A,-106.51602331072768,KJ0002,False,35.82755859802997,50.983361826674454,45,26.5,0,0,0
2025-09-01 13:00:00,KJ0002B,-107.60726770887155,KJ0002,False,35.834200737342286,50.9831319020836,45,26.5,120,0,4
2025-09-01 13:00:00,KJ0002C,-112.61766815504939,KJ0002,False,35.82358942841411,50.970409127626844,45,26.5,240,0,0
2025-09-01 13:00:00,KJ0003A,-109.58922855592016,KJ0003,False,35.81849667348663,50.970457459332344,45,26.5,0,0,4
2025-09-01 13:00:00,KJ0003B,-112.83773338102611,KJ0003,False,35.818275886401416,50.97196874085342,45,26.5,120,0,2
2025-09-01 13:00:00,KJ0003C,-107.9714917642963,KJ0003,False,35.81960574718315,50.97071746580163,45,26.5,240,0,0
2025-09-01 14:00:00,KJ0002A,-115.02176790867009,KJ0002,False,35.833907305613266,50.983597938333915,45,26.5,0,0,4
2025-09-01 14:00:00,KJ0002B,-110.66427610589045,KJ0002,False,35.82352345797356,50.983440786331236,45,26.5,120,0,4
2025-09-01 14:00:00,KJ0002C,-113.9614828064593,KJ0002,False,35.82996692220929,50.96912786977259,45,26.5,240,0,2
2025-09-01 14:00:00,KJ0003A,-115.05983946652626,KJ0003,False,35.81664598131627,50.97072313976537,45,26.5,0,0,2
2025-09-01 14:00:00,KJ0003B,-111.61236114370755,KJ0003,False,35.824293476581744,50.97079668321302,45,26.5,120,0,Unavailable Ret
2025-09-01 14:00:00,KJ0003C,-110.95073189314132,KJ0003,False,35.83094825954102,50.975766086421785,45,26.5,240,0,2
2025-09-01 15:00:00,KJ0002A,-117.52545704904804,KJ0002,False,35.827127001961045,50.98154187301735,45,26.5,0,0,2
2025-09-01 15:00:00,KJ0002B,-116.13591958911962,KJ0002,False,35.82002787246683,50.96914609080581,45,26.5,120,0,4
2025-09-01 15:00:00,KJ0002C,-111.20920640162282,KJ0002,False,35.82798387263238,50.97209868854163,45,26.5,240,0,Unavailable Ret
2025-09-01 15:00:00,KJ0003A,-113.51506778389357,KJ0003,False,35.833687832091215,50.9877250319425,45,26.5,0,0,Unavailable Ret
2025-09-01 15:00:00,KJ0003B,-112.24120851235865,KJ0003,False,35.82631948355752,50.97660339852413,45,26.5,120,0,Unavailable Ret
2025-09-01 15:00:00,KJ0003C,-113.28334425028469,KJ0003,False,35.81738000706468,50.985064083534716,45,26.5,240,0,4
2025-09-01 16:00:00,KJ0002A,-114.63369720899337,KJ0002,False,35.83403381127648,50.98694701283912,45,26.5,0,0,Unavailable Ret
2025-09-01 16:00:00,KJ0002B,-113.15349260595305,KJ0002,False,35.82028922254642,50.97313178239416,45,26.5,120,0,2
2025-09-01 16:00:00,KJ0002C,-115.30299255102692,KJ0002,False,35.821189512605876,50.98573750621939,45,26.5,240,0,2
2025-09-01 16:00:00,KJ0003A,-113.91493049635076,KJ0003,False,35.821622491389284,50.97405389056472,45,26.5,0,0,4
2025-09-01 16:00:00,KJ0003B,-113.6160960469921,KJ0003,False,35.8273888569356,50.98638944027054,45,26.5,120,0,Unavailable Ret
2025-09-01 16:00:00,KJ0003C,-115.7159462094435,KJ0003,False,35.82316892063431,50.9881916110304,45,26.5,240,0,Unavailable Ret
2025-09-01 17:00:00,KJ0002A,-113.7261551105152,KJ0002,False,35.83094669478535,50.98865010284001,45,26.5,0,0,Unavailable Ret
2025-09-01 17:00:00,KJ0002B,-116.24988504730031,KJ0002,False,35.81736379458845,50.97384032898432,45,26.5,120,0,Unavailable Ret
2025-09-01 17:00:00,KJ0002C,-113.73543436910526,KJ0002,False,35.83197825503686,50.9774198805475,45,26.5,240,0,0
2025-09-01 17:00:00,KJ0003A,-115.23401443631313,KJ0003,False,35.829608175208946,50.973604723048076,45,26.5,0,0,2
2025-09-01 17:00:00,KJ0003B,-114.80533611329889,KJ0003,False,35.831339149322154,50.97524099202061,45,26.5,120,0,4
2025-09-01 17:00:00,KJ0003C,-112.96776096349718,KJ0003,False,35.81680969774324,50.969909705934946,45,26.5,240,0,0
2025-09-01 18:00:00,KJ0002A,-114.35166729502312,KJ0002,False,35.83382214293875,50.980308757762465,45,26.5,0,0,4
2025-09-01 18:00:00,KJ0002B,-115.26028610873537,KJ0002,False,35.8164756882239,50.970674082945166,45,26.5,120,0,Unavailable Ret
2025-09-01 18:00:00,KJ0002C,-112.59015415644285,KJ0002,False,35.82985749058875,50.98467158087451,45,26.5,240,0,0
2025-09-01 18:00:00,KJ0003A,-117.39332093842704,KJ0003,False,35.81707929204035,50.987458582113746,45,26.5,0,0,2
2025-09-01 18:00:00,KJ0003B,-114.84839088361255,KJ0003,False,35.82364061002747,50.98659408365516,45,26.5,120,0,4
2025-09-01 18:00:00,KJ0003C,-116.35432342302423,KJ0003,False,35.828926629677575,50.98821303887948,45,26.5,240,0,0
2025-09-01 19:00:00,KJ0002A,-113.6019464484945,KJ0002,False,35.81683245352246,50.9705221361223,45,26.5,0,0,0
2025-09-01 19:00:00,KJ0002B,-112.11386755524536,KJ0002,False,35.81926152835142,50.976773032039084,45,26.5,120,0,4
2025-09-01 19:00:00,KJ0002C,-115.77170574268199,KJ0002,False,35.816506754281704,50.98857279157002,45,26.5,240,0,Unavailable Ret
2025-09-01 19:00:00,KJ0003A,-114.36552925673007,KJ0003,False,35.83207277043978,50.98644719937277,45,26.5,0,0,0
2025-09-01 19:00:00,KJ0003B,-116.15808401805418,KJ0003,False,35.816480014333976,50.98438293831855,45,26.5,120,0,2
2025-09-01 19:00:00,KJ0003C,-112.109406398949,KJ0003,False,35.82891168728593,50.9738144830886,45,26.5,240,0,4
2025-09-01 20:00:00,KJ0002A,-114.36815943472757,KJ0002,False,35.81503707289535,50.97821321283988,45,26.5,0,0,2
2025-09-01 20:00:00,KJ0002B,-116.33518574819782,KJ0002,False,35.82962947721821,50.98418389706217,45,26.5,120,0,4
2025-09-01 20:00:00,KJ0002C,-111.78785056696037,KJ0002,False,35.82647737530194,50.98808345096949,45,26.5,240,0,4
2025-09-01 20:00:00,KJ0003A,-112.78840081599412,KJ0003,False,35.8243642978176,50.97049782643386,45,26.5,0,0,0
2025-09-01 20:00:00,KJ0003B,-113.88194205530137,KJ0003,False,35.81628593129471,50.97991708568802,45,26.5,120,0,Unavailable Ret
2025-09-01 20:00:00,KJ0003C,-114.30494221735862,KJ0003,False,35.81631869094179,50.972164308638185,45,26.5,240,0,0
2025-09-01 21:00:00,KJ0002A,-114.39941830914948,KJ0002,False,35.82736116160168,50.98052628623846,45,26.5,0,0,Unavailable Ret
2025-09-01 21:00:00,KJ0002B,-109.81559989295887,KJ0002,False,35.82955201411686,50.98714508683338,45,26.5,120,0,2
2025-09-01 21:00:00,KJ0002C,-109.1559280394974,KJ0002,False,35.820357623659625,50.97260242319447,45,26.5,240,0,2
2025-09-01 21:00:00,KJ0003A,-115.15213047664304,KJ0003,False,35.822575367679796,50.973427894914096,45,26.5,0,0,Unavailable Ret
2025-09-01 21:00:00,KJ0003B,-117.36094694006118,KJ0003,False,35.831085900394136,50.98253462345107,45,26.5,120,0,0
2025-09-01 21:00:00,KJ0003C,-112.81058098832213,KJ0003,False,35.81747370250447,50.97036400759198,45,26.5,240,0,2
2025-09-01 22:00:00,KJ0002A,-115.14046641404128,KJ0002,False,35.83346456966708,50.98616127779,45,26.5,0,0,0
2025-09-01 22:00:00,KJ0002B,-108.8370824682913,KJ0002,False,35.81810668522274,50.97706510233171,45,26.5,120,0,2
2025-09-01 22:00:00,KJ0002C,-111.90904495115363,KJ0002,False,35.82242781713262,50.98823828795629,45,26.5,240,0,4
2025-09-01 22:00:00,KJ0003A,-114.69469173713331,KJ0003,False,35.82619162938332,50.9701102365918,45,26.5,0,0,0
2025-09-01 22:00:00,KJ0003B,-115.68885531758873,KJ0003,False,35.815937509933015,50.986134447525096,45,26.5,120,0,0
2025-09-01 22:00:00,KJ0003C,-113.69875004590754,KJ0003,False,35.82549692550059,50.9838382149894,45,26.5,240,0,4
2025-09-01 23:00:00,KJ0002A,-108.26162857964482,KJ0002,False,35.83370531459765,50.98583294781355,45,26.5,0,0,0
2025-09-01 23:00:00,KJ0002B,-110.66917826331671,KJ0002,False,35.81963169664659,50.97294090657013,45,26.5,120,0,0
2025-09-01 23:00:00,KJ0002C,-111.05350396208881,KJ0002,False,35.81938285611007,50.98227401368811,45,26.5,240,0,Unavailable Ret
2025-09-01 23:00:00,KJ0003A,-110.2652175573951,KJ0003,False,35.81574792935582,50.9742134496405,45,26.5,0,0,4
2025-09-01 23:00:00,KJ0003B,-110.80942785334638,KJ0003,False,35.830256367834714,50.97924327002224,45,26.5,120,0,Unavailable Ret
2025-09-01 23:00:00,KJ0003C,-107.19929738325213,KJ0003,False,35.83113771470426,50.9881994753088,45,26.5,240,0,2
2025-09-02 00:00:00,KJ0002A,-110.49792829695815,KJ0002,False,35.81749030456901,50.96941565352626,45,26.5,0,0,4
2025-09-02 00:00:00,KJ0002B,-108.05685809809128,KJ0002,False,35.83050336527889,50.981627227139484,45,26.5,120,0,4
2025-09-02 00:00:00,KJ0002C,-110.8673006535437,KJ0002,False,35.81510089331336,50.97585175117613,45,26.5,240,0,2
2025-09-02 00:00:00,KJ0003A,-110.6846172772488,KJ0003,False,35.82754288643245,50.97993631217084,45,26.5,0,0,4
2025-09-02 00:00:00,KJ0003B,-110.53881366888912,KJ0003,False,35.8250897897832,50.98451306025482,45,26.5,120,0,Unavailable Ret
2025-09-02 00:00:00,KJ0003C,-108.56491548840808,KJ0003,False,35.82076918903084,50.979312045520295,45,26.5,240,0,0
2025-09-02 01:00:00,KJ0002A,-108.73534129175727,KJ0002,False,35.81997488776598,50.978022715124766,45,26.5,0,0,2
2025-09-02 01:00:00,KJ0002B,-107.11309391509474,KJ0002,False,35.82722611368844,50.97578826816451,45,26.5,120,0,2
2025-09-02 01:00:00,KJ0002C,-111.3148437754971,KJ0002,False,35.816327266562176,50.97141759443821,45,26.5,240,0,4
2025-09-02 01:00:00,KJ0003A,-107.36655967682732,KJ0003,False,35.82650532211898,50.97684600977821,45,26.5,0,0,Unavailable Ret
2025-09-02 01:00:00,KJ0003B,-110.90840858418161,KJ0003,False,35.82172334566648,50.98677576819812,45,26.5,120,0,4
2025-09-02 01:00:00,KJ0003C,-107.7305582246408,KJ0003,False,35.825114721097286,50.9883022069854,45,26.5,240,0,0
2025-09-02 02:00:00,KJ0002A,-108.56051523674488,KJ0002,False,35.81835020968553,50.97061405067514,45,26.5,0,0,0
2025-09-02 02:00:00,KJ0002B,-109.0857456645247,KJ0002,False,35.82549847007465,50.975959829685436,45,26.5,120,0,2
2025-09-02 02:00:00,KJ0002C,-107.38505199395141,KJ0002,False,35.82861789657259,50.96962624279682,45,26.5,240,0,0
2025-09-02 02:00:00,KJ0003A,-112.0656049800816,KJ0003,False,35.824432907881125,50.98259569434192,45,26.5,0,0,Unavailable Ret
2025-09-02 02:00:00,KJ0003B,-107.72465609938166,KJ0003,False,35.83093402559586,50.98380519380767,45,26.5,120,0,0
2025-09-02 02:00:00,KJ0003C,-107.94193919906644,KJ0003,False,35.834535139917335,50.979571812919744,45,26.5,240,0,Unavailable Ret
2025-09-02 03:00:00,KJ0002A,-101.71618260726606,KJ0002,False,35.822188272791394,50.97809069432266,45,26.5,0,0,0
2025-09-02 03:00:00,KJ0002B,-107.08591462330165,KJ0002,False,35.81605682725022,50.97179478183812,45,26.5,120,0,4
2025-09-02 03:00:00,KJ0002C,-105.31135216795573,KJ0002,False,35.82504354884231,50.97948226970531,45,26.5,240,0,0
2025-09-02 03:00:00,KJ0003A,-105.84196578498019,KJ0003,False,35.83215429962149,50.97592293341586,45,26.5,0,0,4
2025-09-02 03:00:00,KJ0003B,-108.0854777880257,KJ0003,False,35.82235568326209,50.96924142395555,45,26.5,120,0,0
2025-09-02 03:00:00,KJ0003C,-108.2735498616414,KJ0003,False,35.83162419971756,50.97062408657424,45,26.5,240,0,2
2025-09-02 04:00:00,KJ0002A,-102.29558971093267,KJ0002,False,35.83059342477215,50.97880884397858,45,26.5,0,0,4
2025-09-02 04:00:00,KJ0002B,-103.90659346717891,KJ0002,False,35.826493989694285,50.98357644950789,45,26.5,120,0,4
2025-09-02 04:00:00,KJ0002C,-106.55088209882486,KJ0002,False,35.81736160605591,50.97451551811597,45,26.5,240,0,2
2025-09-02 04:00:00,KJ0003A,-102.50579661515025,KJ0003,False,35.8328029479429,50.98099110444587,45,26.5,0,0,4
2025-09-02 04:00:00,KJ0003B,-108.46700812871609,KJ0003,False,35.81684564945241,50.971897182783685,45,26.5,120,0,4
2025-09-02 04:00:00,KJ0003C,-104.54393450769666,KJ0003,False,35.82456619601617,50.98585635035672,45,26.5,240,0,2
2025-09-02 05:00:00,KJ0002A,-106.82753841059213,KJ0002,False,35.83274530849253,50.97044467491323,45,26.5,0,0,4
2025-09-02 05:00:00,KJ0002B,-106.26070926721835,KJ0002,False,35.81517484962857,50.98277922924733,45,26.5,120,0,Unavailable Ret
2025-09-02 05:00:00,KJ0002C,-105.64826696228748,KJ0002,False,35.834199408665505,50.98615014251788,45,26.5,240,0,2
2025-09-02 05:00:00,KJ0003A,-106.98549819263785,KJ0003,False,35.8343113432589,50.97865497558517,45,26.5,0,0,2
2025-09-02 05:00:00,KJ0003B,-104.11373764929391,KJ0003,False,35.825945257860276,50.980272253789394,45,26.5,120,0,4
2025-09-02 05:00:00,KJ0003C,-104.75536389823638,KJ0003,False,35.831581651174055,50.972941551202986,45,26.5,240,0,2
2025-09-02 06:00:00,KJ0002A,-106.52651831308503,KJ0002,False,35.82496220757369,50.9736881946483,45,26.5,0,0,4
2025-09-02 06:00:00,KJ0002B,-108.60976420132904,KJ0002,False,35.82895460191289,50.984195590028854,45,26.5,120,0,2
2025-09-02 06:00:00,KJ0002C,-107.27828345717977,KJ0002,False,35.824432802037094,50.97949178865103,45,26.5,240,0,0
2025-09-02 06:00:00,KJ0003A,-104.46451466859348,KJ0003,False,35.822194609630195,50.97792535944438,45,26.5,0,0,0
2025-09-02 06:00:00,KJ0003B,-102.98741438157111,KJ0003,False,35.819902813095275,50.98247005444448,45,26.5,120,0,0
2025-09-02 06:00:00,KJ0003C,-106.1537837390463,KJ0003,False,35.817143921282835,50.978303324021034,45,26.5,240,0,2
2025-09-02 07:00:00,KJ0002A,-108.71085724523844,KJ0002,False,35.833400582884956,50.98545238815575,45,26.5,0,0,Unavailable Ret
2025-09-02 07:00:00,KJ0002B,-107.23562900662324,KJ0002,False,35.82298036585872,50.987498761341996,45,26.5,120,0,4
2025-09-02 07:00:00,KJ0002C,-104.99719129360885,KJ0002,False,35.8262994622636,50.985676575535166,45,26.5,240,0,Unavailable Ret
2025-09-02 07:00:00,KJ0003A,-105.48172533933881,KJ0003,False,35.83136881774355,50.983850038495305,45,26.5,0,0,Unavailable Ret
2025-09-02 07:00:00,KJ0003B,-105.80732788985533,KJ0003,False,35.83110149440463,50.98214394441392,45,26.5,120,0,2
2025-09-02 07:00:00,KJ0003C,-105.80848491068734,KJ0003,False,35.83296732260925,50.97516393164593,45,26.5,240,0,2
2025-09-02 08:00:00,KJ0002A,-103.26744513674991,KJ0002,False,35.8235926981714,50.9763788885885,45,26.5,0,0,4
2025-09-02 08:00:00,KJ0002B,-106.48602372712091,KJ0002,False,35.82729203088363,50.97963562123829,45,26.5,120,0,4
2025-09-02 08:00:00,KJ0002C,-108.83037685456486,KJ0002,False,35.83280149146549,50.97651782442746,45,26.5,240,0,2
2025-09-02 08:00:00,KJ0003A,-105.63776614378995,KJ0003,False,35.81614238224782,50.973420507818496,45,26.5,0,0,4
2025-09-02 08:00:00,KJ0003B,-108.62704547263749,KJ0003,False,35.817595441453264,50.984720503785404,45,26.5,120,0,0
2025-09-02 08:00:00,KJ0003C,-103.38236489466394,KJ0003,False,35.824718472528076,50.98366921822278,45,26.5,240,0,4
2025-09-02 09:00:00,KJ0002A,-107.43925614190955,KJ0002,False,35.82104444135591,50.97380978279629,45,26.5,0,0,4
2025-09-02 09:00:00,KJ0002B,-105.65682497670865,KJ0002,False,35.81767255971097,50.972930891863385,45,26.5,120,0,2
2025-09-02 09:00:00,KJ0002C,-105.50650644257448,KJ0002,False,35.821651634974316,50.98526514609344,45,26.5,240,0,4
2025-09-02 09:00:00,KJ0003A,-105.79714188349337,KJ0003,False,35.82238643131114,50.97798000438563,45,26.5,0,0,Unavailable Ret
2025-09-02 09:00:00,KJ0003B,-103.89051616636807,KJ0003,False,35.817808348546976,50.97342502790465,45,26.5,120,0,Unavailable Ret
2025-09-02 09:00:00,KJ0003C,-107.35374121055854,KJ0003,False,35.83024763961196,50.96908406144636,45,26.5,240,0,4
2025-09-02 10:00:00,KJ0002A,-106.6731301935526,KJ0002,False,35.81984598117814,50.97575391987008,45,26.5,0,0,4
2025-09-02 10:00:00,KJ0002B,-103.74640837488387,KJ0002,False,35.83399149589128,50.975690485143566,45,26.5,120,0,2
2025-09-02 10:00:00,KJ0002C,-109.28168668490216,KJ0002,False,35.833755666792236,50.97190702806232,45,26.5,240,0,0
2025-09-02 10:00:00,KJ0003A,-112.1494393229048,KJ0003,False,35.81759232388286,50.970855892060314,45,26.5,0,0,0
2025-09-02 10:00:00,KJ0003B,-107.28121041079021,KJ0003,False,35.82874301647754,50.98728998762354,45,26.5,120,0,Unavailable Ret
2025-09-02 10:00:00,KJ0003C,-106.04846675220261,KJ0003,False,35.827837344219766,50.98426493337039,45,26.5,240,0,4
2025-09-02 11:00:00,KJ0002A,-111.38879509008679,KJ0002,False,35.82953888471249,50.98752734029538,45,26.5,0,0,2
2025-09-02 11:00:00,KJ0002B,-104.93224855023892,KJ0002,False,35.83302372396511,50.97129621563691,45,26.5,120,0,0
2025-09-02 11:00:00,KJ0002C,-108.59445494991,KJ0002,False,35.8266355087149,50.9768200540774,45,26.5,240,0,0
2025-09-02 11:00:00,KJ0003A,-106.5175217375455,KJ0003,False,35.82969499303687,50.97295159616751,45,26.5,0,0,0
2025-09-02 11:00:00,KJ0003B,-107.00141179642685,KJ0003,False,35.83320711232825,50.97576691988732,45,26.5,120,0,2
2025-09-02 11:00:00,KJ0003C,-113.34737952244366,KJ0003,False,35.82442673956178,50.98720909449879,45,26.5,240,0,Unavailable Ret
2025-09-02 12:00:00,KJ0002A,-110.5191827027272,KJ0002,False,35.817627140407595,50.972367739730124,45,26.5,0,0,4
2025-09-02 12:00:00,KJ0002B,-113.00628590623622,KJ0002,False,35.81812026634856,50.96951758320493,45,26.5,120,0,0
2025-09-02 12:00:00,KJ0002C,-107.8390802619893,KJ0002,False,35.82745528575839,50.969101889131764,45,26.5,240,0,0
2025-09-02 12:00:00,KJ0003A,-113.68981048059219,KJ0003,False,35.82511347364814,50.988350826313656,45,26.5,0,0,0
2025-09-02 12:00:00,KJ0003B,-110.53777738110966,KJ0003,False,35.816516993361574,50.98877748503692,45,26.5,120,0,0
2025-09-02 12:00:00,KJ0003C,-112.21305181748335,KJ0003,False,35.820801918235325,50.97503873852537,45,26.5,240,0,2
2025-09-02 13:00:00,KJ0002A,-112.85918263598157,KJ0002,False,35.83277108578881,50.97294279280964,45,26.5,0,0,0
2025-09-02 13:00:00,KJ0002B,-109.94553428801906,KJ0002,False,35.82730951974102,50.9763945189488,45,26.5,120,0,Unavailable Ret
2025-09-02 13:00:00,KJ0002C,-112.71978679086693,KJ0002,False,35.8303205523339,50.97790577669496,45,26.5,240,0,2
2025-09-02 13:00:00,KJ0003A,-111.08123477012882,KJ0003,False,35.825499117825146,50.97846175896775,45,26.5,0,0,2
2025-09-02 13:00:00,KJ0003B,-113.64915195606248,KJ0003,False,35.8184485626099,50.986075712420266,45,26.5,120,0,4
2025-09-02 13:00:00,KJ0003C,-110.8866916292349,KJ0003,False,35.82987492441495,50.9742860370944,45,26.5,240,0,4
2025-09-02 14:00:00,KJ0002A,-114.72115169093166,KJ0002,False,35.815317727113204,50.97196305194732,45,26.5,0,0,2
2025-09-02 14:00:00,KJ0002B,-108.99545911315275,KJ0002,False,35.83214987520023,50.976999689907295,45,26.5,120,0,0
2025-09-02 14:00:00,KJ0002C,-113.90894020691906,KJ0002,False,35.828247854871975,50.96923421075508,45,26.5,240,0,2
2025-09-02 14:00:00,KJ0003A,-113.95663029989578,KJ0003,False,35.82159542491792,50.98022887035527,45,26.5,0,0,4
2025-09-02 14:00:00,KJ0003B,-114.9442556177839,KJ0003,False,35.81679882785519,50.973703443819986,45,26.5,120,0,2
2025-09-02 14:00:00,KJ0003C,-111.07400313965522,KJ0003,False,35.82687394804354,50.98497700297925,45,26.5,240,0,Unavailable Ret
2025-09-02 15:00:00,KJ0002A,-110.24273942057279,KJ0002,False,35.81890968590832,50.97470295460522,45,26.5,0,0,Unavailable Ret
2025-09-02 15:00:00,KJ0002B,-115.54971263454526,KJ0002,False,35.81654850029901,50.98150481549822,45,26.5,120,0,0
2025-09-02 15:00:00,KJ0002C,-112.8832678614485,KJ0002,False,35.82323849101185,50.986693434221536,45,26.5,240,0,4
2025-09-02 15:00:00,KJ0003A,-116.03776105870334,KJ0003,False,35.827305225420865,50.97555731714299,45,26.5,0,0,4
2025-09-02 15:00:00,KJ0003B,-110.90400088936842,KJ0003,False,35.82017127281646,50.98132297815698,45,26.5,120,0,2
2025-09-02 15:00:00,KJ0003C,-117.04174799980917,KJ0003,False,35.83028669046403,50.97609515789332,45,26.5,240,0,0
2025-09-02 16:00:00,KJ0002A,-113.90809208451697,KJ0002,False,35.830082115883194,50.97164226351533,45,26.5,0,0,2
2025-09-02 16:00:00,KJ0002B,-114.52355324266298,KJ0002,False,35.82612553239933,50.988547346244836,45,26.5,120,0,4
2025-09-02 16:00:00,KJ0002C,-115.00155716469534,KJ0002,False,35.8152593861664,50.974213547187695,45,26.5,240,0,Unavailable Ret
2025-09-02 16:00:00,KJ0003A,-111.63803860399277,KJ0003,False,35.82878691706322,50.97689100087194,45,26.5,0,0,0
2025-09-02 16:00:00,KJ0003B,-113.98839614266632,KJ0003,False,35.83449804361407,50.97935380364605,45,26.5,120,0,0
2025-09-02 16:00:00,KJ0003C,-114.69809369162756,KJ0003,False,35.82863443715219,50.98250367712891,45,26.5,240,0,2
2025-09-02 17:00:00,KJ0002A,-118.088815103398,KJ0002,False,35.82589356005032,50.98186840776704,45,26.5,0,0,2
2025-09-02 17:00:00,KJ0002B,-113.72590182082634,KJ0002,False,35.82921405163265,50.97097157460257,45,26.5,120,0,2
2025-09-02 17:00:00,KJ0002C,-114.31756966281759,KJ0002,False,35.82682033720867,50.98214073349092,45,26.5,240,0,4
2025-09-02 17:00:00,KJ0003A,-112.86424716355431,KJ0003,False,35.82627588756359,50.98560213926356,45,26.5,0,0,0
2025-09-02 17:00:00,KJ0003B,-114.0624012238118,KJ0003,False,35.8157493193355,50.97216566737512,45,26.5,120,0,4
2025-09-02 17:00:00,KJ0003C,-119.56907195041424,KJ0003,False,35.81849741841358,50.97064673921155,45,26.5,240,0,4
2025-09-02 18:00:00,KJ0002A,-116.2230356059839,KJ0002,False,35.82058387473541,50.9759534543293,45,26.5,0,0,0
2025-09-02 18:00:00,KJ0002B,-117.81332219369645,KJ0002,False,35.829240657222435,50.981048093340156,45,26.5,120,0,2
2025-09-02 18:00:00,KJ0002C,-110.83737068646971,KJ0002,False,35.8335465947865,50.9834914419442,45,26.5,240,0,0
2025-09-02 18:00:00,KJ0003A,-115.60910727697451,KJ0003,False,35.820208224447846,50.979636855578164,45,26.5,0,0,4
2025-09-02 18:00:00,KJ0003B,-116.15127565247555,KJ0003,False,35.824737324944024,50.98077685697834,45,26.5,120,0,2
2025-09-02 18:00:00,KJ0003C,-114.75598037070928,KJ0003,False,35.827276651018096,50.978324746174,45,26.5,240,0,0
2025-09-02 19:00:00,KJ0002A,-114.46993829398923,KJ0002,False,35.82471982632412,50.98260804792855,45,26.5,0,0,2
2025-09-02 19:00:00,KJ0002B,-115.49933367619757,KJ0002,False,35.82400363025522,50.97035866820739,45,26.5,120,0,2
2025-09-02 19:00:00,KJ0002C,-113.5648136533343,KJ0002,False,35.8202529027446,50.98064461333738,45,26.5,240,0,4
2025-09-02 19:00:00,KJ0003A,-112.88452023219189,KJ0003,False,35.82110193113619,50.984988605036335,45,26.5,0,0,0
2025-09-02 19:00:00,KJ0003B,-117.46832490972015,KJ0003,False,35.82564801894757,50.98629891671752,45,26.5,120,0,Unavailable Ret
2025-09-02 19:00:00,KJ0003C,-115.2821195694627,KJ0003,False,35.82758898770668,50.98402071691078,45,26.5,240,0,0
2025-09-02 20:00:00,KJ0002A,-112.6622827098244,KJ0002,False,35.81980336017718,50.97862849927286,45,26.5,0,0,4
2025-09-02 20:00:00,KJ0002B,-113.41176686046532,KJ0002,False,35.82867350422914,50.96987191613317,45,26.5,120,0,2
2025-09-02 20:00:00,KJ0002C,-112.69315754964512,KJ0002,False,35.81548891957171,50.982788405344934,45,26.5,240,0,0
2025-09-02 20:00:00,KJ0003A,-114.0624317104302,KJ0003,False,35.81866198055571,50.97114564042494,45,26.5,0,0,4
2025-09-02 20:00:00,KJ0003B,-114.4092373266355,KJ0003,False,35.83205085301979,50.9857309879707,45,26.5,120,0,2
2025-09-02 20:00:00,KJ0003C,-112.96712562417694,KJ0003,False,35.82525869152142,50.981730933012514,45,26.5,240,0,2
2025-09-02 21:00:00,KJ0002A,-116.34585375066166,KJ0002,False,35.817221337715544,50.970379064032585,45,26.5,0,0,0
2025-09-02 21:00:00,KJ0002B,-112.53346721889805,KJ0002,False,35.8254153026527,50.97766064323496,45,26.5,120,0,4
2025-09-02 21:00:00,KJ0002C,-113.90927719425545,KJ0002,False,35.825599825847505,50.98465446329678,45,26.5,240,0,0
2025-09-02 21:00:00,KJ0003A,-114.41499602248109,KJ0003,False,35.82956711533813,50.97924336219757,45,26.5,0,0,0
2025-09-02 21:00:00,KJ0003B,-116.23446104878379,KJ0003,False,35.81529801563113,50.98624197747802,45,26.5,120,0,2
2025-09-02 21:00:00,KJ0003C,-112.36452698421557,KJ0003,False,35.81481475047152,50.97254945819153,45,26.5,240,0,2
2025-09-02 22:00:00,KJ0002A,-113.53457690020075,KJ0002,False,35.824407512406076,50.98139010926437,45,26.5,0,0,Unavailable Ret
2025-09-02 22:00:00,KJ0002B,-109.68130511962885,KJ0002,False,35.82024373942138,50.976805747679514,45,26.5,120,0,2
2025-09-02 22:00:00,KJ0002C,-115.86364065026646,KJ0002,False,35.82956164603178,50.97361554291536,45,26.5,240,0,4
2025-09-02 22:00:00,KJ0003A,-116.0171979999883,KJ0003,False,35.82415621533075,50.974780057529095,45,26.5,0,0,2
2025-09-02 22:00:00,KJ0003B,-114.50828153350413,KJ0003,False,35.81565186379272,50.96919747869467,45,26.5,120,0,2
2025-09-02 22:00:00,KJ0003C,-114.03559513020825,KJ0003,False,35.815712013544406,50.97102935197358,45,26.5,240,0,0
2025-09-02 23:00:00,KJ0002A,-113.43525138486694,KJ0002,False,35.833809223679005,50.98456690028831,45,26.5,0,0,4
2025-09-02 23:00:00,KJ0002B,-109.92884875259831,KJ0002,False,35.826581084579466,50.9884866103016,45,26.5,120,0,4
2025-09-02 23:00:00,KJ0002C,-111.39302264481748,KJ0002,False,35.82707822778421,50.97218067892184,45,26.5,240,0,Unavailable Ret
2025-09-02 23:00:00,KJ0003A,-109.9444562411794,KJ0003,False,35.81610972818966,50.97687160472851,45,26.5,0,0,0
2025-09-02 23:00:00,KJ0003B,-108.95988939674534,KJ0003,False,35.82506377022033,50.973453396234355,45,26.5,120,0,2
2025-09-02 23:00:00,KJ0003C,-108.05187810993718,KJ0003,False,35.82249181222983,50.96957463874853,45,26.5,240,0,2
2025-09-03 00:00:00,KJ0002A,-111.27477425461304,KJ0002,False,35.815966853531265,50.988222052602815,45,26.5,0,0,0
2025-09-03 00:00:00,KJ0002B,-107.62196693778489,KJ0002,False,35.82517520733353,50.980785481448606,45,26.5,120,0,0
2025-09-03 00:00:00,KJ0002C,-110.74679853675313,KJ0002,False,35.82997476951408,50.982760412361074,45,26.5,240,0,Unavailable Ret
2025-09-03 00:00:00,KJ0003A,-112.34714041402425,KJ0003,False,35.832758722960925,50.97810761496431,45,26.5,0,0,0
2025-09-03 00:00:00,KJ0003B,-109.5941539582974,KJ0003,False,35.826668798696836,50.980441724156755,45,26.5,120,0,2
2025-09-03 00:00:00,KJ0003C,-113.03148822999447,KJ0003,False,35.82395864195547,50.97666339532161,45,26.5,240,0,4
2025-09-03 01:00:00,KJ0002A,-107.61890656890871,KJ0002,False,35.825827147412184,50.97057973519823,45,26.5,0,0,Unavailable Ret
2025-09-03 01:00:00,KJ0002B,-106.53868546667645,KJ0002,False,35.81986298187922,50.96894164279636,45,26.5,120,0,4
2025-09-03 01:00:00,KJ0002C,-108.77215872023498,KJ0002,False,35.816430924318155,50.973243664038996,45,26.5,240,0,0
2025-09-03 01:00:00,KJ0003A,-105.11678904745182,KJ0003,False,35.832699598619364,50.9886695067029,45,26.5,0,0,2
2025-09-03 01:00:00,KJ0003B,-115.66752243200756,KJ0003,False,35.82665815569319,50.9853336193185,45,26.5,120,0,Unavailable Ret
2025-09-03 01:00:00,KJ0003C,-110.44635125877441,KJ0003,False,35.82805224020213,50.97971557815995,45,26.5,240,0,0
2025-09-03 02:00:00,KJ0002A,-106.33214362934807,KJ0002,False,35.83075852043214,50.982009036693164,45,26.5,0,0,0
2025-09-03 02:00:00,KJ0002B,-108.21858418157412,KJ0002,False,35.81795681319405,50.9720480021066,45,26.5,120,0,0
2025-09-03 02:00:00,KJ0002C,-106.49516673562594,KJ0002,False,35.82841281543521,50.9812122275643,45,26.5,240,0,2
2025-09-03 02:00:00,KJ0003A,-105.78510813656519,KJ0003,False,35.8185944307957,50.98647274265541,45,26.5,0,0,0
2025-09-03 02:00:00,KJ0003B,-107.83423616063371,KJ0003,False,35.821512377085185,50.98371016512583,45,26.5,120,0,4
2025-09-03 02:00:00,KJ0003C,-107.20657262713335,KJ0003,False,35.8148324022296,50.979963634700795,45,26.5,240,0,0
2025-09-03 03:00:00,KJ0002A,-106.91589338920593,KJ0002,False,35.8205507626635,50.981178538367516,45,26.5,0,0,0
2025-09-03 03:00:00,KJ0002B,-106.45763659171044,KJ0002,False,35.82600688624618,50.971156877135606,45,26.5,120,0,2
2025-09-03 03:00:00,KJ0002C,-105.1734977317851,KJ0002,False,35.830406907903026,50.97097961277654,45,26.5,240,0,2
2025-09-03 03:00:00,KJ0003A,-102.13795664745635,KJ0003,False,35.81517855437476,50.97748481567785,45,26.5,0,0,2
2025-09-03 03:00:00,KJ0003B,-104.04650220585432,KJ0003,False,35.8334505621102,50.970890194559814,45,26.5,120,0,Unavailable Ret
2025-09-03 03:00:00,KJ0003C,-109.34745459019449,KJ0003,False,35.81828506950615,50.98425708217082,45,26.5,240,0,Unavailable Ret
2025-09-03 04:00:00,KJ0002A,-103.52260948135826,KJ0002,False,35.81615701202937,50.98048340920352,45,26.5,0,0,0
2025-09-03 04:00:00,KJ0002B,-107.72290357989992,KJ0002,False,35.81596840921117,50.97033388835516,45,26.5,120,0,2
2025-09-03 04:00:00,KJ0002C,-104.93566844750167,KJ0002,False,35.815301738329175,50.96928247103058,45,26.5,240,0,2
2025-09-03 04:00:00,KJ0003A,-106.72148375570372,KJ0003,False,35.822246670584775,50.98521571286714,45,26.5,0,0,4
2025-09-03 04:00:00,KJ0003B,-106.7802720344642,KJ0003,False,35.82028253332563,50.98878249000315,45,26.5,120,0,0
2025-09-03 04:00:00,KJ0003C,-101.90755884219662,KJ0003,False,35.81685387239387,50.98592419548923,45,26.5,240,0,4
2025-09-03 05:00:00,KJ0002A,-103.87309819911273,KJ0002,False,35.819225392255774,50.970487620912316,45,26.5,0,0,2
2025-09-03 05:00:00,KJ0002B,-103.1957530700414,KJ0002,False,35.819411073660625,50.97146670252818,45,26.5,120,0,4
2025-09-03 05:00:00,KJ0002C,-103.86996851263733,KJ0002,False,35.82320454633852,50.98161051895328,45,26.5,240,0,2
2025-09-03 05:00:00,KJ0003A,-105.36872259611341,KJ0003,False,35.83001188156876,50.97768597524762,45,26.5,0,0,4
2025-09-03 05:00:00,KJ0003B,-103.37459379103397,KJ0003,False,35.81940909211782,50.9731020940805,45,26.5,120,0,Unavailable Ret
2025-09-03 05:00:00,KJ0003C,-105.58350520541731,KJ0003,False,35.83217245626981,50.983138480804044,45,26.5,240,0,2
2025-09-03 06:00:00,KJ0002A,-105.16430235678514,KJ0002,False,35.834173868558295,50.97255051031406,45,26.5,0,0,0
2025-09-03 06:00:00,KJ0002B,-102.76540833682374,KJ0002,False,35.816633289808124,50.97191316076322,45,26.5,120,0,4
2025-09-03 06:00:00,KJ0002C,-104.08014194835572,KJ0002,False,35.82733440643263,50.971464897553645,45,26.5,240,0,0
2025-09-03 06:00:00,KJ0003A,-103.784971345701,KJ0003,False,35.833046720699194,50.98819022527228,45,26.5,0,0,Unavailable Ret
2025-09-03 06:00:00,KJ0003B,-105.17947138857446,KJ0003,False,35.817156163779245,50.97134371584405,45,26.5,120,0,Unavailable Ret
2025-09-03 06:00:00,KJ0003C,-102.11976556910105,KJ0003,False,35.81976079911207,50.980008253451665,45,26.5,240,0,Unavailable Ret
2025-09-03 07:00:00,KJ0002A,-106.65203568449006,KJ0002,False,35.82644942803829,50.9742198680887,45,26.5,0,0,Unavailable Ret
2025-09-03 07:00:00,KJ0002B,-105.1989489313346,KJ0002,False,35.82347493497943,50.988527028148056,45,26.5,120,0,0
2025-09-03 07:00:00,KJ0002C,-106.0749835070528,KJ0002,False,35.82681041096239,50.97467325157418,45,26.5,240,0,0
2025-09-03 07:00:00,KJ0003A,-110.01812952181257,KJ0003,False,35.82995118535222,50.987892972760775,45,26.5,0,0,0
2025-09-03 07:00:00,KJ0003B,-105.21872482275091,KJ0003,False,35.816908603568365,50.97368090031725,45,26.5,120,0,0
2025-09-03 07:00:00,KJ0003C,-106.3123803078338,KJ0003,False,35.826228090036885,50.969207352738806,45,26.5,240,0,2
2025-09-03 08:00:00,KJ0002A,-102.6630763775435,KJ0002,False,35.82600297366974,50.96903541694838,45,26.5,0,0,Unavailable Ret
2025-09-03 08:00:00,KJ0002B,-103.91514839992647,KJ0002,False,35.816258325442924,50.979524844119524,45,26.5,120,0,0
2025-09-03 08:00:00,KJ0002C,-106.20824524444058,KJ0002,False,35.8163815699431,50.97677846552403,45,26.5,240,0,2
2025-09-03 08:00:00,KJ0003A,-105.84214987204453,KJ0003,False,35.8343593277263,50.972857181797245,45,26.5,0,0,2
2025-09-03 08:00:00,KJ0003B,-106.81223096064339,KJ0003,False,35.81815965164518,50.97093135680669,45,26.5,120,0,4
2025-09-03 08:00:00,KJ0003C,-104.52470741836548,KJ0003,False,35.817294399334564,50.986764426053696,45,26.5,240,0,0
2025-09-03 09:00:00,KJ0002A,-102.84050584579752,KJ0002,False,35.83222938247492,50.983121738642645,45,26.5,0,0,2
2025-09-03 09:00:00,KJ0002B,-105.74861463668373,KJ0002,False,35.83047845451883,50.98108515971762,45,26.5,120,0,4
2025-09-03 09:00:00,KJ0002C,-103.82967796279861,KJ0002,False,35.82385636569037,50.98171155390393,45,26.5,240,0,0
2025-09-03 09:00:00,KJ0003A,-106.06926688468246,KJ0003,False,35.81808998961979,50.97761214432979,45,26.5,0,0,2
2025-09-03 09:00:00,KJ0003B,-108.52761858780758,KJ0003,False,35.830603970142846,50.982014155510015,45,26.5,120,0,4
2025-09-03 09:00:00,KJ0003C,-107.5230625691597,KJ0003,False,35.81804345088293,50.96925722278583,45,26.5,240,0,4
2025-09-03 10:00:00,KJ0002A,-107.4239930436636,KJ0002,False,35.81880084901858,50.98244456484863,45,26.5,0,0,0
2025-09-03 10:00:00,KJ0002B,-107.25993734656348,KJ0002,False,35.82317799577335,50.97291156560684,45,26.5,120,0,4
2025-09-03 10:00:00,KJ0002C,-105.31790779567066,KJ0002,False,35.82935338139533,50.983694130424,45,26.5,240,0,Unavailable Ret
2025-09-03 10:00:00,KJ0003A,-107.72146685816139,KJ0003,False,35.82738529636412,50.983547005973314,45,26.5,0,0,2
2025-09-03 10:00:00,KJ0003B,-107.05109636288006,KJ0003,False,35.82358230838379,50.9833451532083,45,26.5,120,0,Unavailable Ret
2025-09-03 10:00:00,KJ0003C,-105.40580339477569,KJ0003,False,35.826933774271225,50.98079447130512,45,26.5,240,0,Unavailable Ret
2025-09-03 11:00:00,KJ0002A,-111.97180933557136,KJ0002,False,35.826657006571864,50.98708726691233,45,26.5,0,0,Unavailable Ret
2025-09-03 11:00:00,KJ0002B,-109.85144162358445,KJ0002,False,35.822486943037354,50.9781562561404,45,26.5,120,0,0
2025-09-03 11:00:00,KJ0002C,-109.95703017750645,KJ0002,False,35.82912649929364,50.987020650413314,45,26.5,240,0,4
2025-09-03 11:00:00,KJ0003A,-107.91429770761258,KJ0003,False,35.827460810664526,50.976296972743775,45,26.5,0,0,2
2025-09-03 11:00:00,KJ0003B,-108.05830451927551,KJ0003,False,35.82465555712896,50.973784621488065,45,26.5,120,0,Unavailable Ret
2025-09-03 11:00:00,KJ0003C,-109.28888473247437,KJ0003,False,35.8229104159816,50.98069836799663,45,26.5,240,0,4
2025-09-03 12:00:00,KJ0002A,-107.7024685992558,KJ0002,False,35.8180804774517,50.976661630733034,45,26.5,0,0,0
2025-09-03 12:00:00,KJ0002B,-113.47942755755619,KJ0002,False,35.82279091892274,50.98599972507845,45,26.5,120,0,0
2025-09-03 12:00:00,KJ0002C,-107.78455909943659,KJ0002,False,35.817427473214366,50.98823642090157,45,26.5,240,0,4
2025-09-03 12:00:00,KJ0003A,-111.41615773238829,KJ0003,False,35.81950348076523,50.98651419339321,45,26.5,0,0,2
2025-09-03 12:00:00,KJ0003B,-109.84635621787949,KJ0003,False,35.821550063528626,50.98541766731765,45,26.5,120,0,0
2025-09-03 12:00:00,KJ0003C,-112.56598444837714,KJ0003,False,35.82379867670427,50.980597687422204,45,26.5,240,0,Unavailable Ret
2025-09-03 13:00:00,KJ0002A,-112.97087020774838,KJ0002,False,35.81816238432577,50.969573428538666,45,26.5,0,0,0
2025-09-03 13:00:00,KJ0002B,-110.25276638444419,KJ0002,False,35.8219446410608,50.979510238505995,45,26.5,120,0,0
2025-09-03 13:00:00,KJ0002C,-110.5302243210495,KJ0002,False,35.82651708728793,50.986205425610265,45,26.5,240,0,Unavailable Ret
2025-09-03 13:00:00,KJ0003A,-110.43401193113047,KJ0003,False,35.82560811679004,50.96952375531878,45,26.5,0,0,2
2025-09-03 13:00:00,KJ0003B,-111.197324988941,KJ0003,False,35.8335421138459,50.96962687081337,45,26.5,120,0,4
2025-09-03 13:00:00,KJ0003C,-112.66918212819179,KJ0003,False,35.81930402353945,50.972440208749454,45,26.5,240,0,4
2025-09-03 14:00:00,KJ0002A,-112.34272961936782,KJ0002,False,35.81564145718101,50.97180686401924,45,26.5,0,0,0
2025-09-03 14:00:00,KJ0002B,-116.49640136906422,KJ0002,False,35.82440794163184,50.982559354719655,45,26.5,120,0,2
2025-09-03 14:00:00,KJ0002C,-112.22131481275747,KJ0002,False,35.832168365890396,50.977934797112674,45,26.5,240,0,4
2025-09-03 14:00:00,KJ0003A,-111.59493021635733,KJ0003,False,35.82524460093272,50.975693069762414,45,26.5,0,0,2
2025-09-03 14:00:00,KJ0003B,-110.28363436652496,KJ0003,False,35.818847069042455,50.982308648666496,45,26.5,120,0,2
2025-09-03 14:00:00,KJ0003C,-114.57981185425106,KJ0003,False,35.818576981675314,50.983456589497415,45,26.5,240,0,0
2025-09-03 15:00:00,KJ0002A,-111.38935921511211,KJ0002,False,35.81835299578895,50.98269251904452,45,26.5,0,0,4
2025-09-03 15:00:00,KJ0002B,-113.86345566513658,KJ0002,False,35.83438262574801,50.97632593534279,45,26.5,120,0,2
2025-09-03 15:00:00,KJ0002C,-108.72870273545618,KJ0002,False,35.832188099689574,50.980252194932774,45,26.5,240,0,Unavailable Ret
2025-09-03 15:00:00,KJ0003A,-113.6507714999999,KJ0003,False,35.81707219638153,50.984750207433926,45,26.5,0,0,Unavailable Ret
2025-09-03 15:00:00,KJ0003B,-115.68885492228807,KJ0003,False,35.82798770940465,50.97671728811308,45,26.5,120,0,0
2025-09-03 15:00:00,KJ0003C,-112.198717984048,KJ0003,False,35.82635370473423,50.97581147334484,45,26.5,240,0,2
2025-09-03 16:00:00,KJ0002A,-114.45840371210818,KJ0002,False,35.832225069006746,50.98448770968116,45,26.5,0,0,0
2025-09-03 16:00:00,KJ0002B,-113.67260219831523,KJ0002,False,35.820583711910615,50.97102219263531,45,26.5,120,0,2
2025-09-03 16:00:00,KJ0002C,-117.69969780856312,KJ0002,False,35.82816186771127,50.984996918838824,45,26.5,240,0,2
2025-09-03 16:00:00,KJ0003A,-116.19757152440265,KJ0003,False,35.832367823180824,50.975183914335304,45,26.5,0,0,0
2025-09-03 16:00:00,KJ0003B,-114.63023819298725,KJ0003,False,35.825699781959216,50.96895517320996,45,26.5,120,0,4
2025-09-03 16:00:00,KJ0003C,-114.07897411197911,KJ0003,False,35.827414174966584,50.98103663610997,45,26.5,240,0,4
2025-09-03 17:00:00,KJ0002A,-116.59995612944503,KJ0002,False,35.82378387245245,50.973590882617486,45,26.5,0,0,0
2025-09-03 17:00:00,KJ0002B,-111.72450550046607,KJ0002,False,35.823698389055025,50.969133341140925,45,26.5,120,0,4
2025-09-03 17:00:00,KJ0002C,-111.54559881117261,KJ0002,False,35.82719980692019,50.97810988087601,45,26.5,240,0,4
2025-09-03 17:00:00,KJ0003A,-112.80999495276008,KJ0003,False,35.82565727329959,50.987869571193315,45,26.5,0,0,2
2025-09-03 17:00:00,KJ0003B,-115.73811768175187,KJ0003,False,35.82163495655252,50.976443912375714,45,26.5,120,0,2
2025-09-03 17:00:00,KJ0003C,-114.86949992193696,KJ0003,False,35.82534247594538,50.973761393175955,45,26.5,240,0,Unavailable Ret
2025-09-03 18:00:00,KJ0002A,-112.23145436297897,KJ0002,False,35.83106971477432,50.98320246152453,45,26.5,0,0,4
2025-09-03 18:00:00,KJ0002B,-113.87218175989528,KJ0002,False,35.82523468264971,50.98528786837634,45,26.5,120,0,4
2025-09-03 18:00:00,KJ0002C,-115.50537137600193,KJ0002,False,35.83335069089593,50.97004534780579,45,26.5,240,0,0
2025-09-03 18:00:00,KJ0003A,-114.21583094059827,KJ0003,False,35.82439366458887,50.9727311664637,45,26.5,0,0,2
2025-09-03 18:00:00,KJ0003B,-118.38591362839077,KJ0003,False,35.82050745803924,50.97498579929852,45,26.5,120,0,4
2025-09-03 18:00:00,KJ0003C,-115.1966792535895,KJ0003,False,35.82545520426678,50.980458641065255,45,26.5,240,0,2
2025-09-03 19:00:00,KJ0002A,-111.80059400626618,KJ0002,False,35.82026248001467,50.9771109820305,45,26.5,0,0,0
2025-09-03 19:00:00,KJ0002B,-113.28346275309029,KJ0002,False,35.82525962081032,50.97130445308344,45,26.5,120,0,Unavailable Ret
2025-09-03 19:00:00,KJ0002C,-114.61887811915342,KJ0002,False,35.82899092523445,50.970977538461895,45,26.5,240,0,2
2025-09-03 19:00:00,KJ0003A,-117.49768012128175,KJ0003,False,35.81851456893095,50.98719504978342,45,26.5,0,0,Unavailable Ret
2025-09-03 19:00:00,KJ0003B,-112.0347997253246,KJ0003,False,35.825814530843125,50.96970825065709,45,26.5,120,0,2
2025-09-03 19:00:00,KJ0003C,-114.97991746506538,KJ0003,False,35.81705608688822,50.9688916802969,45,26.5,240,0,2
2025-09-03 20:00:00,KJ0002A,-114.2324068782708,KJ0002,False,35.81937159543898,50.973080896798166,45,26.5,0,0,2
2025-09-03 20:00:00,KJ0002B,-114.24894363651444,KJ0002,False,35.81830546885654,50.97605545038221,45,26.5,120,0,2
2025-09-03 20:00:00,KJ0002C,-114.88077346593306,KJ0002,False,35.81954741117949,50.984450510304875,45,26.5,240,0,2
2025-09-03 20:00:00,KJ0003A,-112.8273750447703,KJ0003,False,35.82944916135171,50.98586348521705,45,26.5,0,0,4
2025-09-03 20:00:00,KJ0003B,-115.67710826740993,KJ0003,False,35.82728718649353,50.977875353574746,45,26.5,120,0,2
2025-09-03 20:00:00,KJ0003C,-113.77213869447459,KJ0003,False,35.81786967601657,50.973544711696036,45,26.5,240,0,Unavailable Ret
2025-09-03 21:00:00,KJ0002A,-114.24374918882872,KJ0002,False,35.816724291110404,50.96931277172092,45,26.5,0,0,4
2025-09-03 21:00:00,KJ0002B,-112.62845823844239,KJ0002,False,35.819414923368555,50.97296372329037,45,26.5,120,0,4
2025-09-03 21:00:00,KJ0002C,-114.6505174759484,KJ0002,False,35.82669952670372,50.97877533717718,45,26.5,240,0,2
2025-09-03 21:00:00,KJ0003A,-116.27513986509089,KJ0003,False,35.82030080508,50.980780938337915,45,26.5,0,0,2
2025-09-03 21:00:00,KJ0003B,-116.40677156235962,KJ0003,False,35.82916195531316,50.982688723026484,45,26.5,120,0,4
2025-09-03 21:00:00,KJ0003C,-117.36174675629078,KJ0003,False,35.821631800489484,50.985214141142386,45,26.5,240,0,Unavailable Ret
2025-09-03 22:00:00,KJ0002A,-111.36203384162945,KJ0002,False,35.8202932133312,50.970428387379776,45,26.5,0,0,Unavailable Ret
2025-09-03 22:00:00,KJ0002B,-109.24320675374292,KJ0002,False,35.82771579675051,50.980755014563776,45,26.5,120,0,0
2025-09-03 22:00:00,KJ0002C,-114.70155856567337,KJ0002,False,35.82190992611664,50.97022847685492,45,26.5,240,0,0
2025-09-03 22:00:00,KJ0003A,-113.92259724952108,KJ0003,False,35.83144726226503,50.98223205232268,45,26.5,0,0,Unavailable Ret
2025-09-03 22:00:00,KJ0003B,-112.0324281764185,KJ0003,False,35.83241158175123,50.98185754738094,45,26.5,120,0,2
2025-09-03 22:00:00,KJ0003C,-115.61179129240726,KJ0003,False,35.81942658378308,50.9779771728976,45,26.5,240,0,2
2025-09-03 23:00:00,KJ0002A,-109.90409942395885,KJ0002,False,35.829423010204785,50.97814411224567,45,26.5,0,0,Unavailable Ret
2025-09-03 23:00:00,KJ0002B,-107.40100955048308,KJ0002,False,35.826419500134335,50.97061534788215,45,26.5,120,0,0
2025-09-03 23:00:00,KJ0002C,-110.21658324061987,KJ0002,False,35.81882867377318,50.97955655368946,45,26.5,240,0,2
2025-09-03 23:00:00,KJ0003A,-113.13544241167133,KJ0003,False,35.82326378226792,50.98527612887802,45,26.5,0,0,Unavailable Ret
2025-09-03 23:00:00,KJ0003B,-108.66607627622481,KJ0003,False,35.8307189992158,50.98738355638959,45,26.5,120,0,0
2025-09-03 23:00:00,KJ0003C,-113.72318220496543,KJ0003,False,35.817206580040356,50.98832329257256,45,26.5,240,0,2
2025-09-04 00:00:00,KJ0002A,-107.57380460004163,KJ0002,False,35.825229159545444,50.98131171376005,45,26.5,0,0,2
2025-09-04 00:00:00,KJ0002B,-109.71656617272019,KJ0002,False,35.83056803976584,50.986133723840666,45,26.5,120,0,0
2025-09-04 00:00:00,KJ0002C,-108.99252790757515,KJ0002,False,35.82898489395486,50.96956320761049,45,26.5,240,0,0
2025-09-04 00:00:00,KJ0003A,-108.83520808003188,KJ0003,False,35.81935714600192,50.975673490037934,45,26.5,0,0,0
2025-09-04 00:00:00,KJ0003B,-113.6724107462066,KJ0003,False,35.822749630341484,50.977784050810094,45,26.5,120,0,Unavailable Ret
2025-09-04 00:00:00,KJ0003C,-108.98401734617491,KJ0003,False,35.83227673323448,50.97207528422704,45,26.5,240,0,2
2025-09-04 01:00:00,KJ0002A,-108.20329349287464,KJ0002,False,35.8318384991549,50.97301021028714,45,26.5,0,0,4
2025-09-04 01:00:00,KJ0002B,-108.7090057861592,KJ0002,False,35.82275357554858,50.979634652375196,45,26.5,120,0,0
2025-09-04 01:00:00,KJ0002C,-106.86775180851185,KJ0002,False,35.83217113380215,50.98495850800235,45,26.5,240,0,Unavailable Ret
2025-09-04 01:00:00,KJ0003A,-109.28645386286469,KJ0003,False,35.81904964981804,50.985214700081485,45,26.5,0,0,4
2025-09-04 01:00:00,KJ0003B,-111.08173039177153,KJ0003,False,35.828709021778046,50.97576199453076,45,26.5,120,0,Unavailable Ret
2025-09-04 01:00:00,KJ0003C,-109.41193688793852,KJ0003,False,35.826270828578615,50.98749461480952,45,26.5,240,0,2
2025-09-04 02:00:00,KJ0002A,-107.55005391749029,KJ0002,False,35.82693505875502,50.984136196018056,45,26.5,0,0,0
2025-09-04 02:00:00,KJ0002B,-105.86446740159943,KJ0002,False,35.821160628957536,50.98789595055202,45,26.5,120,0,2
2025-09-04 02:00:00,KJ0002C,-108.2434258065858,KJ0002,False,35.81617344618771,50.969356238138985,45,26.5,240,0,0
2025-09-04 02:00:00,KJ0003A,-109.48462653207218,KJ0003,False,35.81946102716731,50.97043930788718,45,26.5,0,0,Unavailable Ret
2025-09-04 02:00:00,KJ0003B,-107.64099755611818,KJ0003,False,35.82104632266171,50.9789628372568,45,26.5,120,0,2
2025-09-04 02:00:00,KJ0003C,-106.5269967123476,KJ0003,False,35.82036505247498,50.98586897275102,45,26.5,240,0,Unavailable Ret
2025-09-04 03:00:00,KJ0002A,-105.384240670701,KJ0002,False,35.82781402184796,50.97188049706257,45,26.5,0,0,4
2025-09-04 03:00:00,KJ0002B,-109.0294633363103,KJ0002,False,35.826098821813574,50.972675649111835,45,26.5,120,0,0
2025-09-04 03:00:00,KJ0002C,-106.16713117966304,KJ0002,False,35.83448357850527,50.97362360208432,45,26.5,240,0,4
2025-09-04 03:00:00,KJ0003A,-107.13863803630333,KJ0003,False,35.81630259628674,50.984493920814884,45,26.5,0,0,2
2025-09-04 03:00:00,KJ0003B,-105.85956666534702,KJ0003,False,35.8160558359626,50.97902844256299,45,26.5,120,0,4
2025-09-04 03:00:00,KJ0003C,-107.72032306757517,KJ0003,False,35.819387892096934,50.97349291077125,45,26.5,240,0,Unavailable Ret
2025-09-04 04:00:00,KJ0002A,-103.77076471019515,KJ0002,False,35.825350829278236,50.977361667677805,45,26.5,0,0,4
2025-09-04 04:00:00,KJ0002B,-108.63966891797762,KJ0002,False,35.83065187267521,50.9769359685817,45,26.5,120,0,Unavailable Ret
2025-09-04 04:00:00,KJ0002C,-106.68408876934302,KJ0002,False,35.823092595050575,50.98539075791133,45,26.5,240,0,0
2025-09-04 04:00:00,KJ0003A,-108.01195668942951,KJ0003,False,35.82255157520671,50.98811644550965,45,26.5,0,0,4
2025-09-04 04:00:00,KJ0003B,-106.82289378253124,KJ0003,False,35.81519384553646,50.9740362641749,45,26.5,120,0,2
2025-09-04 04:00:00,KJ0003C,-110.85195756536763,KJ0003,False,35.828429496544764,50.972633896963494,45,26.5,240,0,0
2025-09-04 05:00:00,KJ0002A,-107.15858333463905,KJ0002,False,35.82576918977947,50.9779275466912,45,26.5,0,0,Unavailable Ret
2025-09-04 05:00:00,KJ0002B,-105.2322488628659,KJ0002,False,35.820130385560105,50.971824755559,45,26.5,120,0,2
2025-09-04 05:00:00,KJ0002C,-106.05693537093768,KJ0002,False,35.82955714154775,50.978360362587374,45,26.5,240,0,0
2025-09-04 05:00:00,KJ0003A,-106.93997629660846,KJ0003,False,35.82709162622369,50.98603130463294,45,26.5,0,0,2
2025-09-04 05:00:00,KJ0003B,-104.60059108341027,KJ0003,False,35.833916693730075,50.9845780677251,45,26.5,120,0,0
2025-09-04 05:00:00,KJ0003C,-104.75618314408875,KJ0003,False,35.83366662282827,50.985017669232725,45,26.5,240,0,Unavailable Ret
2025-09-04 06:00:00,KJ0002A,-103.64414825732146,KJ0002,False,35.815578526979245,50.9868752398427,45,26.5,0,0,0
2025-09-04 06:00:00,KJ0002B,-105.97582281629141,KJ0002,False,35.83131264391857,50.97874904206922,45,26.5,120,0,Unavailable Ret
2025-09-04 06:00:00,KJ0002C,-104.44691266621467,KJ0002,False,35.8270886716952,50.97017304081121,45,26.5,240,0,Unavailable Ret
2025-09-04 06:00:00,KJ0003A,-103.40100149299171,KJ0003,False,35.832459188809125,50.97095386959813,45,26.5,0,0,Unavailable Ret
2025-09-04 06:00:00,KJ0003B,-100.97322550494675,KJ0003,False,35.81564345801205,50.97053584032091,45,26.5,120,0,4
2025-09-04 06:00:00,KJ0003C,-104.72692933783452,KJ0003,False,35.82799071068407,50.98488261116255,45,26.5,240,0,4
2025-09-04 07:00:00,KJ0002A,-106.77535633497796,KJ0002,False,35.82074071162575,50.97583406459491,45,26.5,0,0,4
2025-09-04 07:00:00,KJ0002B,-102.57274821886055,KJ0002,False,35.83365630779346,50.984516853535354,45,26.5,120,0,4
2025-09-04 07:00:00,KJ0002C,-102.79896255922866,KJ0002,False,35.8201109285665,50.96925889922062,45,26.5,240,0,Unavailable Ret
2025-09-04 07:00:00,KJ0003A,-103.73246424722453,KJ0003,False,35.82510315173147,50.98681801648012,45,26.5,0,0,Unavailable Ret
2025-09-04 07:00:00,KJ0003B,-103.95610866698742,KJ0003,False,35.822448792793054,50.972953745243906,45,26.5,120,0,0
2025-09-04 07:00:00,KJ0003C,-102.54805309591845,KJ0003,False,35.8199182696937,50.9740542659984,45,26.5,240,0,0
2025-09-04 08:00:00,KJ0002A,-104.75809743691458,KJ0002,False,35.815649024468634,50.98820977555189,45,26.5,0,0,0
2025-09-04 08:00:00,KJ0002B,-101.33986829127564,KJ0002,False,35.81731467140865,50.97832672219812,45,26.5,120,0,2
2025-09-04 08:00:00,KJ0002C,-102.75863560091557,KJ0002,False,35.82977146358859,50.985075395761804,45,26.5,240,0,Unavailable Ret
2025-09-04 08:00:00,KJ0003A,-102.0713298310398,KJ0003,False,35.81794276873948,50.9697147125176,45,26.5,0,0,0
2025-09-04 08:00:00,KJ0003B,-107.75949136911987,KJ0003,False,35.82359809979389,50.98109879164989,45,26.5,120,0,2
2025-09-04 08:00:00,KJ0003C,-109.60258615982981,KJ0003,False,35.82028582615028,50.98740635065697,45,26.5,240,0,Unavailable Ret
2025-09-04 09:00:00,KJ0002A,-106.0435250110063,KJ0002,False,35.827726216253104,50.97455813578478,45,26.5,0,0,Unavailable Ret
2025-09-04 09:00:00,KJ0002B,-106.79359223608445,KJ0002,False,35.8211484495469,50.98642537319996,45,26.5,120,0,Unavailable Ret
2025-09-04 09:00:00,KJ0002C,-106.79870952164009,KJ0002,False,35.829910838574925,50.97805078994548,45,26.5,240,0,Unavailable Ret
2025-09-04 09:00:00,KJ0003A,-105.89930619309067,KJ0003,False,35.82977383811958,50.97999626451022,45,26.5,0,0,4
2025-09-04 09:00:00,KJ0003B,-108.54206975007237,KJ0003,False,35.82571053837794,50.98853339479049,45,26.5,120,0,2
2025-09-04 09:00:00,KJ0003C,-105.45866528423899,KJ0003,False,35.82560112440991,50.98339894353461,45,26.5,240,0,2
2025-09-04 10:00:00,KJ0002A,-106.70062409649472,KJ0002,False,35.83116570659714,50.97311022732621,45,26.5,0,0,4
2025-09-04 10:00:00,KJ0002B,-108.80271378758366,KJ0002,False,35.8178235221542,50.97568767272067,45,26.5,120,0,2
2025-09-04 10:00:00,KJ0002C,-102.89917982910606,KJ0002,False,35.82497721093832,50.97479096902637,45,26.5,240,0,4
2025-09-04 10:00:00,KJ0003A,-105.34913387378992,KJ0003,False,35.817841387431756,50.970715138412906,45,26.5,0,0,Unavailable Ret
2025-09-04 10:00:00,KJ0003B,-104.9204944918345,KJ0003,False,35.81801143269909,50.97807114948839,45,26.5,120,0,Unavailable Ret
2025-09-04 10:00:00,KJ0003C,-106.15363729746008,KJ0003,False,35.831045044337316,50.983674241230254,45,26.5,240,0,4
2025-09-04 11:00:00,KJ0002A,-106.12993982688351,KJ0002,False,35.81889071269258,50.979941698986046,45,26.5,0,0,Unavailable Ret
2025-09-04 11:00:00,KJ0002B,-109.55152869665848,KJ0002,False,35.831112367689606,50.981139564806824,45,26.5,120,0,2
2025-09-04 11:00:00,KJ0002C,-106.3126418011961,KJ0002,False,35.82589453028264,50.96894459227086,45,26.5,240,0,2
2025-09-04 11:00:00,KJ0003A,-109.92547058312616,KJ0003,False,35.831609279605644,50.985493609386936,45,26.5,0,0,2
2025-09-04 11:00:00,KJ0003B,-111.60561790544921,KJ0003,False,35.81778776100665,50.974952084309805,45,26.5,120,0,Unavailable Ret
2025-09-04 11:00:00,KJ0003C,-110.91852113694408,KJ0003,False,35.82485100426977,50.971334281138226,45,26.5,240,0,4
2025-09-04 12:00:00,KJ0002A,-106.54607229753319,KJ0002,False,35.832533915609304,50.980700886683735,45,26.5,0,0,0
2025-09-04 12:00:00,KJ0002B,-110.79927237122921,KJ0002,False,35.82807084009001,50.9688775976705,45,26.5,120,0,4
2025-09-04 12:00:00,KJ0002C,-107.66690281804598,KJ0002,False,35.81666981279646,50.980604045338964,45,26.5,240,0,Unavailable Ret
2025-09-04 12:00:00,KJ0003A,-111.1459956099819,KJ0003,False,35.82501219424998,50.983308095312246,45,26.5,0,0,0
2025-09-04 12:00:00,KJ0003B,-106.91578009486425,KJ0003,False,35.826023201888326,50.98090975333193,45,26.5,120,0,2
2025-09-04 12:00:00,KJ0003C,-105.98781422368175,KJ0003,False,35.826797379313255,50.98088291288105,45,26.5,240,0,Unavailable Ret
2025-09-04 13:00:00,KJ0002A,-111.30818082336208,KJ0002,False,35.81635116558269,50.97001101858488,45,26.5,0,0,0
2025-09-04 13:00:00,KJ0002B,-108.66927798202734,KJ0002,False,35.82972850417627,50.98847938380892,45,26.5,120,0,0
2025-09-04 13:00:00,KJ0002C,-111.1172814529289,KJ0002,False,35.823613979959106,50.97178905053413,45,26.5,240,0,4
2025-09-04 13:00:00,KJ0003A,-108.33903506340208,KJ0003,False,35.82952011212975,50.973557151982874,45,26.5,0,0,4
2025-09-04 13:00:00,KJ0003B,-110.33397606533924,KJ0003,False,35.82952326228478,50.988806950227854,45,26.5,120,0,Unavailable Ret
2025-09-04 13:00:00,KJ0003C,-114.02501926989697,KJ0003,False,35.820798870209835,50.972309601485314,45,26.5,240,0,2
2025-09-04 14:00:00,KJ0002A,-110.0579326089493,KJ0002,False,35.81717672381847,50.97703809779392,45,26.5,0,0,2
2025-09-04 14:00:00,KJ0002B,-111.33580459306278,KJ0002,False,35.82975439175484,50.98363972773371,45,26.5,120,0,2
2025-09-04 14:00:00,KJ0002C,-115.00669638624377,KJ0002,False,35.82205470883304,50.97553022577484,45,26.5,240,0,0
2025-09-04 14:00:00,KJ0003A,-111.80271131133156,KJ0003,False,35.82881503918889,50.98055620291944,45,26.5,0,0,2
2025-09-04 14:00:00,KJ0003B,-112.2182275061776,KJ0003,False,35.82078451147177,50.987653584902304,45,26.5,120,0,2
2025-09-04 14:00:00,KJ0003C,-116.0368787311257,KJ0003,False,35.83186456039751,50.97335082659851,45,26.5,240,0,0
2025-09-04 15:00:00,KJ0002A,-114.27319436511782,KJ0002,False,35.830862866195915,50.97800373773475,45,26.5,0,0,0
2025-09-04 15:00:00,KJ0002B,-112.7319913408156,KJ0002,False,35.82893038015328,50.98146341291913,45,26.5,120,0,2
2025-09-04 15:00:00,KJ0002C,-113.59056371603401,KJ0002,False,35.8235470140523,50.98343016457304,45,26.5,240,0,2
2025-09-04 15:00:00,KJ0003A,-109.99103071259324,KJ0003,False,35.81595560502155,50.97334447404537,45,26.5,0,0,Unavailable Ret
2025-09-04 15:00:00,KJ0003B,-112.74491498101577,KJ0003,False,35.82794910312534,50.98797229242167,45,26.5,120,0,2
2025-09-04 15:00:00,KJ0003C,-114.68240954901721,KJ0003,False,35.820464913791575,50.96973189816746,45,26.5,240,0,2
2025-09-04 16:00:00,KJ0002A,-116.08609219243532,KJ0002,False,35.83293509161042,50.973830923996985,45,26.5,0,0,Unavailable Ret
2025-09-04 16:00:00,KJ0002B,-115.98388772700191,KJ0002,False,35.8222341418778,50.97741773757722,45,26.5,120,0,0
2025-09-04 16:00:00,KJ0002C,-115.38228308334611,KJ0002,False,35.816063064069105,50.98696874906689,45,26.5,240,0,0
2025-09-04 16:00:00,KJ0003A,-114.35816609543737,KJ0003,False,35.82172840895004,50.975143790421946,45,26.5,0,0,4
2025-09-04 16:00:00,KJ0003B,-112.85643922473733,KJ0003,False,35.81524646793551,50.98211579372351,45,26.5,120,0,Unavailable Ret
2025-09-04 16:00:00,KJ0003C,-114.89278213315862,KJ0003,False,35.81736976417067,50.98648271228564,45,26.5,240,0,0
2025-09-04 17:00:00,KJ0002A,-115.04872771438374,KJ0002,False,35.82001315581924,50.983456419299614,45,26.5,0,0,2
2025-09-04 17:00:00,KJ0002B,-116.0376536812956,KJ0002,False,35.83440101680763,50.97173930144759,45,26.5,120,0,4
2025-09-04 17:00:00,KJ0002C,-114.24251326711209,KJ0002,False,35.82408864973377,50.988280106592626,45,26.5,240,0,Unavailable Ret
2025-09-04 17:00:00,KJ0003A,-117.54279274069215,KJ0003,False,35.83415712355576,50.97250030888469,45,26.5,0,0,0
2025-09-04 17:00:00,KJ0003B,-115.68314336521006,KJ0003,False,35.81982933322681,50.98585232115682,45,26.5,120,0,4
2025-09-04 17:00:00,KJ0003C,-115.91329910678263,KJ0003,False,35.82571211056521,50.98845033644002,45,26.5,240,0,0
2025-09-04 18:00:00,KJ0002A,-114.14236699933885,KJ0002,False,35.816163367238,50.98299670194459,45,26.5,0,0,0
2025-09-04 18:00:00,KJ0002B,-113.61378878547372,KJ0002,False,35.827068003217235,50.973362941031795,45,26.5,120,0,2
2025-09-04 18:00:00,KJ0002C,-117.53268101125141,KJ0002,False,35.833723962940006,50.98583950742961,45,26.5,240,0,2
2025-09-04 18:00:00,KJ0003A,-115.11596789486447,KJ0003,False,35.816761250204785,50.98607973816809,45,26.5,0,0,4
2025-09-04 18:00:00,KJ0003B,-113.7616914779896,KJ0003,False,35.81605546211764,50.97909005297541,45,26.5,120,0,Unavailable Ret
2025-09-04 18:00:00,KJ0003C,-110.8850090605766,KJ0003,False,35.8219294674759,50.98840123635947,45,26.5,240,0,4
2025-09-04 19:00:00,KJ0002A,-116.08659885923744,KJ0002,False,35.81998241669776,50.97213412706864,45,26.5,0,0,4
2025-09-04 19:00:00,KJ0002B,-113.62467471256637,KJ0002,False,35.829978500357385,50.98392215360632,45,26.5,120,0,4
2025-09-04 19:00:00,KJ0002C,-114.18347058521329,KJ0002,False,35.83240163709903,50.98625156850092,45,26.5,240,0,4
2025-09-04 19:00:00,KJ0003A,-115.33433613569792,KJ0003,False,35.83374275908399,50.9800436451675,45,26.5,0,0,Unavailable Ret
2025-09-04 19:00:00,KJ0003B,-114.95171598238534,KJ0003,False,35.83299440411723,50.97961403595905,45,26.5,120,0,Unavailable Ret
2025-09-04 19:00:00,KJ0003C,-116.30134603009101,KJ0003,False,35.830776883764486,50.976278653358335,45,26.5,240,0,4
2025-09-04 20:00:00,KJ0002A,-115.18284221133328,KJ0002,False,35.83032223701851,50.988129533078016,45,26.5,0,0,Unavailable Ret
2025-09-04 20:00:00,KJ0002B,-112.03323560052868,KJ0002,False,35.81854446591546,50.970720722088686,45,26.5,120,0,Unavailable Ret
2025-09-04 20:00:00,KJ0002C,-113.60498538886922,KJ0002,False,35.827501648351,50.98479828319232,45,26.5,240,0,4
2025-09-04 20:00:00,KJ0003A,-111.59328310997685,KJ0003,False,35.81872681625174,50.98677915860847,45,26.5,0,0,2
2025-09-04 20:00:00,KJ0003B,-113.36066138433326,KJ0003,False,35.83067522700876,50.97517523354135,45,26.5,120,0,4
2025-09-04 20:00:00,KJ0003C,-116.02284032890394,KJ0003,False,35.82207201473268,50.98678372681929,45,26.5,240,0,4
2025-09-04 21:00:00,KJ0002A,-114.62854869495024,KJ0002,False,35.83268979420016,50.9819258510465,45,26.5,0,0,4
2025-09-04 21:00:00,KJ0002B,-114.56696804579875,KJ0002,False,35.82107323989634,50.984811865447654,45,26.5,120,0,2
2025-09-04 21:00:00,KJ0002C,-113.48709499258722,KJ0002,False,35.83415253230518,50.977195219585504,45,26.5,240,0,4
2025-09-04 21:00:00,KJ0003A,-110.71109279510188,KJ0003,False,35.817258677967175,50.98334371096055,45,26.5,0,0,2
2025-09-04 21:00:00,KJ0003B,-115.91355647069281,KJ0003,False,35.81506215039951,50.98003511367276,45,26.5,120,0,0
2025-09-04 21:00:00,KJ0003C,-114.04603779013725,KJ0003,False,35.815397283182044,50.98529916892443,45,26.5,240,0,2
2025-09-04 22:00:00,KJ0002A,-112.11123139684533,KJ0002,False,35.81855823888195,50.98600354106314,45,26.5,0,0,Unavailable Ret
2025-09-04 22:00:00,KJ0002B,-113.20633258562138,KJ0002,False,35.83317415999245,50.97105496890638,45,26.5,120,0,Unavailable Ret
2025-09-04 22:00:00,KJ0002C,-113.107323047748,KJ0002,False,35.831242737954206,50.97802530394346,45,26.5,240,0,0
2025-09-04 22:00:00,KJ0003A,-116.4105528526202,KJ0003,False,35.81989643962356,50.98522510209743,45,26.5,0,0,Unavailable Ret
2025-09-04 22:00:00,KJ0003B,-114.49860446458982,KJ0003,False,35.82905028040661,50.98535956425416,45,26.5,120,0,2
2025-09-04 22:00:00,KJ0003C,-113.50954984245644,KJ0003,False,35.82919154894708,50.97724237455695,45,26.5,240,0,2
2025-09-04 23:00:00,KJ0002A,-112.61952276923847,KJ0002,False,35.82978652673926,50.98186295169763,45,26.5,0,0,Unavailable Ret
2025-09-04 23:00:00,KJ0002B,-115.35344296099177,KJ0002,False,35.82635499461537,50.983601382466766,45,26.5,120,0,Unavailable Ret
2025-09-04 23:00:00,KJ0002C,-110.48663504483939,KJ0002,False,35.82749284276591,50.97136529483129,45,26.5,240,0,Unavailable Ret
2025-09-04 23:00:00,KJ0003A,-111.34248643829444,KJ0003,False,35.81693687452511,50.975138391772255,45,26.5,0,0,Unavailable Ret
2025-09-04 23:00:00,KJ0003B,-112.09822871454595,KJ0003,False,35.83155082250486,50.974425521769085,45,26.5,120,0,4
2025-09-04 23:00:00,KJ0003C,-110.24556587022627,KJ0003,False,35.82161760185333,50.986167730285025,45,26.5,240,0,4
2025-09-05 00:00:00,KJ0002A,-112.00066264921115,KJ0002,False,35.81547378709125,50.97491892802481,45,26.5,0,0,2
2025-09-05 00:00:00,KJ0002B,-111.3554899410497,KJ0002,False,35.82999497466122,50.98691215688694,45,26.5,120,0,0
2025-09-05 00:00:00,KJ0002C,-108.55277882554225,KJ0002,False,35.82810969806952,50.97404573715132,45,26.5,240,0,0
2025-09-05 00:00:00,KJ0003A,-108.66507843672137,KJ0003,False,35.83229453448276,50.96884376799113,45,26.5,0,0,4
2025-09-05 00:00:00,KJ0003B,-110.26526749276515,KJ0003,False,35.82401716542404,50.98613127219045,45,26.5,120,0,Unavailable Ret
2025-09-05 00:00:00,KJ0003C,-111.94905860934128,KJ0003,False,35.81738697424,50.97709522258532,45,26.5,240,0,4
2025-09-05 01:00:00,KJ0002A,-109.08097301459713,KJ0002,False,35.815650493503426,50.98363808241534,45,26.5,0,0,2
2025-09-05 01:00:00,KJ0002B,-110.59103555737353,KJ0002,False,35.834134868214136,50.971389079188455,45,26.5,120,0,0
2025-09-05 01:00:00,KJ0002C,-107.67969317813522,KJ0002,False,35.829889238071935,50.98493813553683,45,26.5,240,0,Unavailable Ret
2025-09-05 01:00:00,KJ0003A,-109.22499812965523,KJ0003,False,35.834445973865215,50.98126688994507,45,26.5,0,0,0
2025-09-05 01:00:00,KJ0003B,-106.92857926738547,KJ0003,False,35.8204404239683,50.98629507679132,45,26.5,120,0,2
2025-09-05 01:00:00,KJ0003C,-109.75941563979737,KJ0003,False,35.81917886365767,50.971244944530234,45,26.5,240,0,Unavailable Ret
2025-09-05 02:00:00,KJ0002A,-107.9469319647437,KJ0002,False,35.81505808072554,50.97821535930929,45,26.5,0,0,0
2025-09-05 02:00:00,KJ0002B,-108.19863359223639,KJ0002,False,35.83130069616174,50.97032481745977,45,26.5,120,0,0
2025-09-05 02:00:00,KJ0002C,-105.39977880778217,KJ0002,False,35.81577285671957,50.98689789990384,45,26.5,240,0,Unavailable Ret
2025-09-05 02:00:00,KJ0003A,-109.22790244284161,KJ0003,False,35.83235523525652,50.97544816007751,45,26.5,0,0,2
2025-09-05 02:00:00,KJ0003B,-107.70889843707495,KJ0003,False,35.830701565574,50.96953340533453,45,26.5,120,0,4
2025-09-05 02:00:00,KJ0003C,-107.83764344638003,KJ0003,False,35.820165533509766,50.98462321693177,45,26.5,240,0,0
2025-09-05 03:00:00,KJ0002A,-107.93204204163798,KJ0002,False,35.83143747028771,50.98081957016354,45,26.5,0,0,0
2025-09-05 03:00:00,KJ0002B,-106.39233931112801,KJ0002,False,35.82956131498186,50.9793447951504,45,26.5,120,0,0
2025-09-05 03:00:00,KJ0002C,-104.5140708345024,KJ0002,False,35.832389578005646,50.98027544704097,45,26.5,240,0,0
2025-09-05 03:00:00,KJ0003A,-105.46227775418757,KJ0003,False,35.828699009122616,50.970484141274234,45,26.5,0,0,2
2025-09-05 03:00:00,KJ0003B,-103.5163539890911,KJ0003,False,35.826848468620305,50.98669046579909,45,26.5,120,0,0
2025-09-05 03:00:00,KJ0003C,-107.16849224377421,KJ0003,False,35.818221638231144,50.987802166403426,45,26.5,240,0,2
2025-09-05 04:00:00,KJ0002A,-102.38994392233502,KJ0002,False,35.819558669367495,50.97908727555092,45,26.5,0,0,Unavailable Ret
2025-09-05 04:00:00,KJ0002B,-104.18561799893402,KJ0002,False,35.81949368893631,50.98457500670309,45,26.5,120,0,4
2025-09-05 04:00:00,KJ0002C,-104.821404461654,KJ0002,False,35.826823021330966,50.98371187832353,45,26.5,240,0,0
2025-09-05 04:00:00,KJ0003A,-105.38319464586534,KJ0003,False,35.82018917891653,50.976979438192686,45,26.5,0,0,2
2025-09-05 04:00:00,KJ0003B,-107.1548141524739,KJ0003,False,35.82425986710013,50.969752974910044,45,26.5,120,0,Unavailable Ret
2025-09-05 04:00:00,KJ0003C,-108.30991800351921,KJ0003,False,35.81958713320804,50.978232835493614,45,26.5,240,0,0
2025-09-05 05:00:00,KJ0002A,-105.61076012257057,KJ0002,False,35.818731954254766,50.98105560142152,45,26.5,0,0,0
2025-09-05 05:00:00,KJ0002B,-109.30608032142663,KJ0002,False,35.824295768408625,50.98065734882542,45,26.5,120,0,0
2025-09-05 05:00:00,KJ0002C,-105.78878902265438,KJ0002,False,35.830861713591595,50.980280972867384,45,26.5,240,0,2
2025-09-05 05:00:00,KJ0003A,-106.67468367973582,KJ0003,False,35.82274593694173,50.969727755443415,45,26.5,0,0,0
2025-09-05 05:00:00,KJ0003B,-106.72867417241125,KJ0003,False,35.82715133032236,50.97111676786953,45,26.5,120,0,4
2025-09-05 05:00:00,KJ0003C,-105.55903395939531,KJ0003,False,35.832407253547224,50.980335591085286,45,26.5,240,0,4
2025-09-05 06:00:00,KJ0002A,-101.19761862849398,KJ0002,False,35.83466633677998,50.97146978239796,45,26.5,0,0,2
2025-09-05 06:00:00,KJ0002B,-105.12132162762924,KJ0002,False,35.818114078786756,50.97663744705883,45,26.5,120,0,4
2025-09-05 06:00:00,KJ0002C,-103.3373014658735,KJ0002,False,35.829090652889334,50.98099810428181,45,26.5,240,0,Unavailable Ret
2025-09-05 06:00:00,KJ0003A,-105.36295665915839,KJ0003,False,35.820744552822084,50.983208584596376,45,26.5,0,0,Unavailable Ret
2025-09-05 06:00:00,KJ0003B,-105.96612210336689,KJ0003,False,35.819962144406674,50.970030494006956,45,26.5,120,0,4
2025-09-05 06:00:00,KJ0003C,-104.7064139760289,KJ0003,False,35.832241954545765,50.9739738845662,45,26.5,240,0,Unavailable Ret
2025-09-05 07:00:00,KJ0002A,-106.83495863479101,KJ0002,False,35.822191060435216,50.9712605000097,45,26.5,0,0,Unavailable Ret
2025-09-05 07:00:00,KJ0002B,-109.58867410673206,KJ0002,False,35.82580167313444,50.986846425361485,45,26.5,120,0,Unavailable Ret
2025-09-05 07:00:00,KJ0002C,-105.62008283217081,KJ0002,False,35.833644514232375,50.98221145293446,45,26.5,240,0,0
2025-09-05 07:00:00,KJ0003A,-106.47037603020158,KJ0003,False,35.82773900180249,50.9866007812872,45,26.5,0,0,0
2025-09-05 07:00:00,KJ0003B,-104.75692277406466,KJ0003,False,35.83228397186932,50.98331946110932,45,26.5,120,0,4
2025-09-05 07:00:00,KJ0003C,-103.65249366831075,KJ0003,False,35.82962962500549,50.979439830458524,45,26.5,240,0,4
2025-09-05 08:00:00,KJ0002A,-107.95732539571912,KJ0002,False,35.81504413221462,50.97728068520255,45,26.5,0,0,4
2025-09-05 08:00:00,KJ0002B,-105.45275356952476,KJ0002,False,35.82378706143349,50.97052784761089,45,26.5,120,0,4
2025-09-05 08:00:00,KJ0002C,-109.5886534332593,KJ0002,False,35.82939346975099,50.981885832971834,45,26.5,240,0,Unavailable Ret
2025-09-05 08:00:00,KJ0003A,-104.20457425961963,KJ0003,False,35.82255785171337,50.985876824737474,45,26.5,0,0,Unavailable Ret
2025-09-05 08:00:00,KJ0003B,-108.05714664459076,KJ0003,False,35.82093626997556,50.98461970319841,45,26.5,120,0,Unavailable Ret
2025-09-05 08:00:00,KJ0003C,-103.8315646338578,KJ0003,False,35.819335582164285,50.97652479240275,45,26.5,240,0,4
2025-09-05 09:00:00,KJ0002A,-110.1030819513967,KJ0002,False,35.82645397493188,50.97626344846875,45,26.5,0,0,0
2025-09-05 09:00:00,KJ0002B,-107.8508397485401,KJ0002,False,35.81535840619945,50.9766994845069,45,26.5,120,0,Unavailable Ret
2025-09-05 09:00:00,KJ0002C,-108.64639895449766,KJ0002,False,35.823420586769245,50.971691882881636,45,26.5,240,0,Unavailable Ret
2025-09-05 09:00:00,KJ0003A,-107.28609466997644,KJ0003,False,35.830048136402645,50.98777288867987,45,26.5,0,0,4
2025-09-05 09:00:00,KJ0003B,-106.36530905309785,KJ0003,False,35.827548046349094,50.975652083331624,45,26.5,120,0,4
2025-09-05 09:00:00,KJ0003C,-106.78715451737085,KJ0003,False,35.830644405185225,50.98075977684367,45,26.5,240,0,0
2025-09-05 10:00:00,KJ0002A,-105.57029673380508,KJ0002,False,35.82210187456395,50.9731978510851,45,26.5,0,0,Unavailable Ret
2025-09-05 10:00:00,KJ0002B,-104.26883435290354,KJ0002,False,35.82600376889676,50.97094518370394,45,26.5,120,0,0
2025-09-05 10:00:00,KJ0002C,-107.5919400158343,KJ0002,False,35.81536073439739,50.97894910235821,45,26.5,240,0,4
2025-09-05 10:00:00,KJ0003A,-109.7933294290418,KJ0003,False,35.81752578094128,50.97082604405507,45,26.5,0,0,2
2025-09-05 10:00:00,KJ0003B,-107.67672591841067,KJ0003,False,35.818010498729265,50.96930704192656,45,26.5,120,0,4
2025-09-05 10:00:00,KJ0003C,-108.24002205976426,KJ0003,False,35.81775123701133,50.97859702394385,45,26.5,240,0,2
2025-09-05 11:00:00,KJ0002A,-108.89277291632139,KJ0002,False,35.83257807344617,50.98089885752959,45,26.5,0,0,Unavailable Ret
2025-09-05 11:00:00,KJ0002B,-108.24793992436524,KJ0002,False,35.825717622424364,50.9706040340758,45,26.5,120,0,4
2025-09-05 11:00:00,KJ0002C,-108.92050906249585,KJ0002,False,35.82252023809474,50.97564774208509,45,26.5,240,0,Unavailable Ret
2025-09-05 11:00:00,KJ0003A,-107.81047092286684,KJ0003,False,35.83441217984827,50.978397568960446,45,26.5,0,0,0
2025-09-05 11:00:00,KJ0003B,-105.56027549265303,KJ0003,False,35.83148299923875,50.97764882700625,45,26.5,120,0,2
2025-09-05 11:00:00,KJ0003C,-108.20499995903184,KJ0003,False,35.831346299475925,50.98302027448574,45,26.5,240,0,2
2025-09-05 12:00:00,KJ0002A,-110.33628763716958,KJ0002,False,35.820214953842616,50.98816834771733,45,26.5,0,0,4
2025-09-05 12:00:00,KJ0002B,-110.94418115539426,KJ0002,False,35.8257065531509,50.97214484100885,45,26.5,120,0,4
2025-09-05 12:00:00,KJ0002C,-110.34372597292658,KJ0002,False,35.82733468642842,50.978617956635844,45,26.5,240,0,4
2025-09-05 12:00:00,KJ0003A,-112.2163290623816,KJ0003,False,35.8304577665892,50.983531558462424,45,26.5,0,0,2
2025-09-05 12:00:00,KJ0003B,-107.79808073000285,KJ0003,False,35.82722320959649,50.97286624215645,45,26.5,120,0,0
2025-09-05 12:00:00,KJ0003C,-106.08330509155881,KJ0003,False,35.817769682947315,50.98589115563803,45,26.5,240,0,0
2025-09-05 13:00:00,KJ0002A,-114.34313779875096,KJ0002,False,35.83409057694331,50.98702909221874,45,26.5,0,0,4
2025-09-05 13:00:00,KJ0002B,-110.81224523093367,KJ0002,False,35.821879214810934,50.97800932849138,45,26.5,120,0,2
2025-09-05 13:00:00,KJ0002C,-110.6779941465044,KJ0002,False,35.81730641627934,50.984724213250985,45,26.5,240,0,Unavailable Ret
2025-09-05 13:00:00,KJ0003A,-112.07739236035619,KJ0003,False,35.824145641544625,50.969529225188495,45,26.5,0,0,2
2025-09-05 13:00:00,KJ0003B,-111.54333081789287,KJ0003,False,35.834429747563256,50.97850814871946,45,26.5,120,0,Unavailable Ret
2025-09-05 13:00:00,KJ0003C,-113.63927844321809,KJ0003,False,35.824648622002115,50.97488894956579,45,26.5,240,0,Unavailable Ret
2025-09-05 14:00:00,KJ0002A,-114.31146460172523,KJ0002,False,35.83004596382755,50.97657081013646,45,26.5,0,0,4
2025-09-05 14:00:00,KJ0002B,-113.80753267729764,KJ0002,False,35.83318469421213,50.97608536174197,45,26.5,120,0,0
2025-09-05 14:00:00,KJ0002C,-110.11208748002345,KJ0002,False,35.8301005558931,50.98031057902911,45,26.5,240,0,0
2025-09-05 14:00:00,KJ0003A,-113.17379565116698,KJ0003,False,35.82433966767557,50.98876245899279,45,26.5,0,0,Unavailable Ret
2025-09-05 14:00:00,KJ0003B,-112.88981656070536,KJ0003,False,35.831749377084144,50.98670180410391,45,26.5,120,0,4
2025-09-05 14:00:00,KJ0003C,-110.23245980626587,KJ0003,False,35.82104798160009,50.9739609513021,45,26.5,240,0,0
2025-09-05 15:00:00,KJ0002A,-108.86904509736213,KJ0002,False,35.8333376521346,50.969222321888594,45,26.5,0,0,Unavailable Ret
2025-09-05 15:00:00,KJ0002B,-113.15096855713466,KJ0002,False,35.83339514796015,50.96945098914187,45,26.5,120,0,4
2025-09-05 15:00:00,KJ0002C,-115.08128924157995,KJ0002,False,35.820797911767436,50.97601431050834,45,26.5,240,0,2
2025-09-05 15:00:00,KJ0003A,-112.72142933168367,KJ0003,False,35.821478146443184,50.983501023797196,45,26.5,0,0,2
2025-09-05 15:00:00,KJ0003B,-114.60676058278356,KJ0003,False,35.81509630555334,50.98359739037123,45,26.5,120,0,0
2025-09-05 15:00:00,KJ0003C,-111.82229969668138,KJ0003,False,35.82746812661357,50.97022059081775,45,26.5,240,0,0
2025-09-05 16:00:00,KJ0002A,-112.72930796846683,KJ0002,False,35.8279808103134,50.98416231865591,45,26.5,0,0,Unavailable Ret
2025-09-05 16:00:00,KJ0002B,-112.82154435929505,KJ0002,False,35.828810685455444,50.97092808259496,45,26.5,120,0,4
2025-09-05 16:00:00,KJ0002C,-115.9706096778196,KJ0002,False,35.82296086062065,50.97698212978251,45,26.5,240,0,2
2025-09-05 16:00:00,KJ0003A,-114.3781827350834,KJ0003,False,35.82093274681759,50.97982260672554,45,26.5,0,0,2
2025-09-05 16:00:00,KJ0003B,-118.11735635282977,KJ0003,False,35.816347241505525,50.97885248536141,45,26.5,120,0,2
2025-09-05 16:00:00,KJ0003C,-113.90353960417632,KJ0003,False,35.81965462435649,50.978405197683905,45,26.5,240,0,2
2025-09-05 17:00:00,KJ0002A,-115.15235787746441,KJ0002,False,35.82071580988096,50.97348768646112,45,26.5,0,0,4
2025-09-05 17:00:00,KJ0002B,-116.2487737173518,KJ0002,False,35.822836120484396,50.97469030182141,45,26.5,120,0,Unavailable Ret
2025-09-05 17:00:00,KJ0002C,-113.17067944758185,KJ0002,False,35.82123991402496,50.978368739726875,45,26.5,240,0,0
2025-09-05 17:00:00,KJ0003A,-115.21728140899096,KJ0003,False,35.825789608988835,50.97322547923847,45,26.5,0,0,0
2025-09-05 17:00:00,KJ0003B,-118.13546652712311,KJ0003,False,35.82776634891981,50.97129841356931,45,26.5,120,0,0
2025-09-05 17:00:00,KJ0003C,-112.42340383858374,KJ0003,False,35.82920582906709,50.986178669367035,45,26.5,240,0,2
2025-09-05 18:00:00,KJ0002A,-111.39897763697829,KJ0002,False,35.81624551612453,50.982492344424465,45,26.5,0,0,2
2025-09-05 18:00:00,KJ0002B,-112.52210729412113,KJ0002,False,35.82407345433503,50.973533068835515,45,26.5,120,0,0
2025-09-05 18:00:00,KJ0002C,-114.5268364982476,KJ0002,False,35.82521339784621,50.97169751922679,45,26.5,240,0,4
2025-09-05 18:00:00,KJ0003A,-112.26058244406043,KJ0003,False,35.829223102905665,50.976868912618265,45,26.5,0,0,4
2025-09-05 18:00:00,KJ0003B,-116.38942626217812,KJ0003,False,35.827401153937835,50.96992664069646,45,26.5,120,0,Unavailable Ret
2025-09-05 18:00:00,KJ0003C,-115.8185648762262,KJ0003,False,35.82285893274867,50.97089496504905,45,26.5,240,0,0
2025-09-05 19:00:00,KJ0002A,-116.08200919588847,KJ0002,False,35.82033339115642,50.982979529749116,45,26.5,0,0,4
2025-09-05 19:00:00,KJ0002B,-114.79887116870113,KJ0002,False,35.82647533035626,50.978179359999274,45,26.5,120,0,2
2025-09-05 19:00:00,KJ0002C,-113.17943260211007,KJ0002,False,35.821135402994585,50.970877847761315,45,26.5,240,0,0
2025-09-05 19:00:00,KJ0003A,-116.56388956286715,KJ0003,False,35.817408598490715,50.9801396871535,45,26.5,0,0,2
2025-09-05 19:00:00,KJ0003B,-112.7747860607678,KJ0003,False,35.83264744289622,50.97751634839153,45,26.5,120,0,0
2025-09-05 19:00:00,KJ0003C,-116.15706988540477,KJ0003,False,35.822356273228124,50.98756642307938,45,26.5,240,0,4
2025-09-05 20:00:00,KJ0002A,-113.79940232012294,KJ0002,False,35.82468628080914,50.97659297610911,45,26.5,0,0,4
2025-09-05 20:00:00,KJ0002B,-115.49564433414537,KJ0002,False,35.83169497404812,50.98235695492929,45,26.5,120,0,4
2025-09-05 20:00:00,KJ0002C,-113.28563965642618,KJ0002,False,35.82813770827156,50.988160950102575,45,26.5,240,0,Unavailable Ret
2025-09-05 20:00:00,KJ0003A,-115.96293499112429,KJ0003,False,35.81740201302391,50.982362164628285,45,26.5,0,0,0
2025-09-05 20:00:00,KJ0003B,-115.5654308097909,KJ0003,False,35.8304464772669,50.98172298442952,45,26.5,120,0,2
2025-09-05 20:00:00,KJ0003C,-114.9622727309763,KJ0003,False,35.816906161299954,50.978811415990116,45,26.5,240,0,4
2025-09-05 21:00:00,KJ0002A,-119.20057304748515,KJ0002,False,35.82396399210319,50.9730176544801,45,26.5,0,0,2
2025-09-05 21:00:00,KJ0002B,-113.50175247344777,KJ0002,False,35.830225612365275,50.96889762503331,45,26.5,120,0,4
2025-09-05 21:00:00,KJ0002C,-114.44203072397876,KJ0002,False,35.83125359773633,50.98584696002239,45,26.5,240,0,Unavailable Ret
2025-09-05 21:00:00,KJ0003A,-110.63059883699125,KJ0003,False,35.822233232295716,50.98623526353363,45,26.5,0,0,2
2025-09-05 21:00:00,KJ0003B,-114.08157342738478,KJ0003,False,35.8283662640062,50.98099504244505,45,26.5,120,0,2
2025-09-05 21:00:00,KJ0003C,-112.80528308196672,KJ0003,False,35.82270468707689,50.987456145946325,45,26.5,240,0,Unavailable Ret
2025-09-05 22:00:00,KJ0002A,-114.23932616254939,KJ0002,False,35.827706652080444,50.97674261815223,45,26.5,0,0,Unavailable Ret
2025-09-05 22:00:00,KJ0002B,-110.24913043117046,KJ0002,False,35.82417308282602,50.980423505107495,45,26.5,120,0,0
2025-09-05 22:00:00,KJ0002C,-114.25696567309615,KJ0002,False,35.81597183904161,50.97107024424643,45,26.5,240,0,2
2025-09-05 22:00:00,KJ0003A,-115.32507152684201,KJ0003,False,35.82568611455732,50.97083733642272,45,26.5,0,0,2
2025-09-05 22:00:00,KJ0003B,-112.95719983068004,KJ0003,False,35.82466729168895,50.976925794945096,45,26.5,120,0,0
2025-09-05 22:00:00,KJ0003C,-114.48869874921702,KJ0003,False,35.83293131771373,50.97417350393324,45,26.5,240,0,0
2025-09-05 23:00:00,KJ0002A,-110.21797178514899,KJ0002,False,35.82519064560259,50.98239084534918,45,26.5,0,0,Unavailable Ret
2025-09-05 23:00:00,KJ0002B,-111.37745683029239,KJ0002,False,35.823908377790154,50.97418505259587,45,26.5,120,0,0
2025-09-05 23:00:00,KJ0002C,-110.41714374789315,KJ0002,False,35.81732100429525,50.96917895329779,45,26.5,240,0,4
2025-09-05 23:00:00,KJ0003A,-111.25486191012463,KJ0003,False,35.822461606471414,50.9761946730161,45,26.5,0,0,0
2025-09-05 23:00:00,KJ0003B,-109.33238832723765,KJ0003,False,35.82516921055425,50.975801911863364,45,26.5,120,0,2
2025-09-05 23:00:00,KJ0003C,-112.77855426589588,KJ0003,False,35.82622299247762,50.98020185024676,45,26.5,240,0,0
2025-09-06 00:00:00,KJ0002A,-109.67047831752697,KJ0002,False,35.83175121653968,50.96931189929291,45,26.5,0,0,4
2025-09-06 00:00:00,KJ0002B,-109.89822459628796,KJ0002,False,35.83140526240575,50.98096293129867,45,26.5,120,0,Unavailable Ret
2025-09-06 00:00:00,KJ0002C,-114.54699251823061,KJ0002,False,35.820868314576664,50.97015389717909,45,26.5,240,0,0
2025-09-06 00:00:00,KJ0003A,-111.87257726481354,KJ0003,False,35.83355756876328,50.980905836114296,45,26.5,0,0,0
2025-09-06 00:00:00,KJ0003B,-110.35170880886415,KJ0003,False,35.815966888988946,50.98799579601976,45,26.5,120,0,0
2025-09-06 00:00:00,KJ0003C,-106.67705966854396,KJ0003,False,35.819593175555646,50.979454747105734,45,26.5,240,0,Unavailable Ret
2025-09-06 01:00:00,KJ0002A,-107.63172310836511,KJ0002,False,35.816322100812336,50.97615361496523,45,26.5,0,0,4
2025-09-06 01:00:00,KJ0002B,-108.60265202106498,KJ0002,False,35.829322544005485,50.98123469142866,45,26.5,120,0,0
2025-09-06 01:00:00,KJ0002C,-106.14261718447986,KJ0002,False,35.826375967988405,50.97177925419176,45,26.5,240,0,0
2025-09-06 01:00:00,KJ0003A,-107.59052265303714,KJ0003,False,35.8253553036183,50.986968419278284,45,26.5,0,0,4
2025-09-06 01:00:00,KJ0003B,-111.04594007568522,KJ0003,False,35.821713844169885,50.98718971686264,45,26.5,120,0,Unavailable Ret
2025-09-06 01:00:00,KJ0003C,-107.0087807055359,KJ0003,False,35.82930962339848,50.97961626018079,45,26.5,240,0,4
2025-09-06 02:00:00,KJ0002A,-108.13969504650969,KJ0002,False,35.81775606088558,50.96899683181544,45,26.5,0,0,Unavailable Ret
2025-09-06 02:00:00,KJ0002B,-107.19648401550252,KJ0002,False,35.81941501841421,50.96973127646897,45,26.5,120,0,0
2025-09-06 02:00:00,KJ0002C,-107.4242761699821,KJ0002,False,35.81964786588226,50.97885207142309,45,26.5,240,0,0
2025-09-06 02:00:00,KJ0003A,-106.33085474410086,KJ0003,False,35.834056204059756,50.98125817180435,45,26.5,0,0,2
2025-09-06 02:00:00,KJ0003B,-107.86078336352482,KJ0003,False,35.825741542840646,50.97749632004419,45,26.5,120,0,2
2025-09-06 02:00:00,KJ0003C,-104.75430305064694,KJ0003,False,35.826027489267254,50.9861192316147,45,26.5,240,0,Unavailable Ret
2025-09-06 03:00:00,KJ0002A,-105.56874259856367,KJ0002,False,35.81964954260634,50.988052539510264,45,26.5,0,0,Unavailable Ret
2025-09-06 03:00:00,KJ0002B,-105.72227799143941,KJ0002,False,35.827540772935066,50.97880472000998,45,26.5,120,0,Unavailable Ret
2025-09-06 03:00:00,KJ0002C,-109.66071479783476,KJ0002,False,35.823549917713315,50.980711218707576,45,26.5,240,0,4
2025-09-06 03:00:00,KJ0003A,-105.54012076190338,KJ0003,False,35.81908914077376,50.96910059135514,45,26.5,0,0,2
2025-09-06 03:00:00,KJ0003B,-105.3670495580972,KJ0003,False,35.83296797587559,50.987714031856406,45,26.5,120,0,4
2025-09-06 03:00:00,KJ0003C,-107.6267581849673,KJ0003,False,35.8227141185262,50.98789793591995,45,26.5,240,0,2
2025-09-06 04:00:00,KJ0002A,-106.95284679916642,KJ0002,False,35.82434800212936,50.983206623507435,45,26.5,0,0,4
2025-09-06 04:00:00,KJ0002B,-104.69412841133565,KJ0002,False,35.819450796578025,50.978004693007854,45,26.5,120,0,0
2025-09-06 04:00:00,KJ0002C,-105.20556108159373,KJ0002,False,35.83024253821957,50.97881791329072,45,26.5,240,0,0
2025-09-06 04:00:00,KJ0003A,-108.07613818511119,KJ0003,False,35.831518156616845,50.984528417160064,45,26.5,0,0,Unavailable Ret
2025-09-06 04:00:00,KJ0003B,-108.17068844901723,KJ0003,False,35.82124339979319,50.98580084179203,45,26.5,120,0,Unavailable Ret
2025-09-06 04:00:00,KJ0003C,-104.46084232836706,KJ0003,False,35.83097550879112,50.97391642156313,45,26.5,240,0,4
2025-09-06 05:00:00,KJ0002A,-105.20986905562391,KJ0002,False,35.82805868023402,50.97121005247196,45,26.5,0,0,0
2025-09-06 05:00:00,KJ0002B,-106.14353064990227,KJ0002,False,35.81788614049283,50.98864172752135,45,26.5,120,0,2
2025-09-06 05:00:00,KJ0002C,-106.46911694519751,KJ0002,False,35.82265916372459,50.98392529946694,45,26.5,240,0,4
2025-09-06 05:00:00,KJ0003A,-102.52776280400863,KJ0003,False,35.81596405856832,50.977727306984825,45,26.5,0,0,2
2025-09-06 05:00:00,KJ0003B,-102.78645315632042,KJ0003,False,35.81983002766525,50.98012148057667,45,26.5,120,0,4
2025-09-06 05:00:00,KJ0003C,-106.35490393020488,KJ0003,False,35.82312207791814,50.98578543335444,45,26.5,240,0,0
2025-09-06 06:00:00,KJ0002A,-104.97145386432713,KJ0002,False,35.81922705565926,50.96961859926651,45,26.5,0,0,2
2025-09-06 06:00:00,KJ0002B,-106.9078788387933,KJ0002,False,35.83393640186775,50.971803558564595,45,26.5,120,0,Unavailable Ret
2025-09-06 06:00:00,KJ0002C,-108.08049526406215,KJ0002,False,35.82641177669339,50.979173967704526,45,26.5,240,0,2
2025-09-06 06:00:00,KJ0003A,-101.03322753029657,KJ0003,False,35.83160319311418,50.971716287006295,45,26.5,0,0,4
2025-09-06 06:00:00,KJ0003B,-105.37824078155407,KJ0003,False,35.830417310060135,50.97836671466602,45,26.5,120,0,4
2025-09-06 06:00:00,KJ0003C,-103.15669977615109,KJ0003,False,35.82570011538098,50.972929217721095,45,26.5,240,0,Unavailable Ret
2025-09-06 07:00:00,KJ0002A,-106.27181325994567,KJ0002,False,35.8319106040324,50.97298151618421,45,26.5,0,0,0
2025-09-06 07:00:00,KJ0002B,-107.22281014604471,KJ0002,False,35.822097084768565,50.974744836049794,45,26.5,120,0,4
2025-09-06 07:00:00,KJ0002C,-110.37879858180892,KJ0002,False,35.831027571620155,50.985556518558205,45,26.5,240,0,0
2025-09-06 07:00:00,KJ0003A,-104.77247457496166,KJ0003,False,35.82934498448336,50.98431812443541,45,26.5,0,0,Unavailable Ret
2025-09-06 07:00:00,KJ0003B,-107.07472848203335,KJ0003,False,35.83232766167034,50.97962189105472,45,26.5,120,0,Unavailable Ret
2025-09-06 07:00:00,KJ0003C,-104.32506073755145,KJ0003,False,35.82061058387298,50.987460199417704,45,26.5,240,0,4
2025-09-06 08:00:00,KJ0002A,-104.97452001400113,KJ0002,False,35.81481023269511,50.977171316569645,45,26.5,0,0,2
2025-09-06 08:00:00,KJ0002B,-106.6443301093049,KJ0002,False,35.822053525095974,50.98330256547765,45,26.5,120,0,Unavailable Ret
2025-09-06 08:00:00,KJ0002C,-107.13289978887046,KJ0002,False,35.8208888502451,50.973448333242345,45,26.5,240,0,4
2025-09-06 08:00:00,KJ0003A,-107.71626400371439,KJ0003,False,35.81584801887175,50.972662374189916,45,26.5,0,0,Unavailable Ret
2025-09-06 08:00:00,KJ0003B,-104.3111264151648,KJ0003,False,35.829647926539174,50.98580850758181,45,26.5,120,0,4
2025-09-06 08:00:00,KJ0003C,-107.96746105139512,KJ0003,False,35.82700262023314,50.986760815993144,45,26.5,240,0,0
2025-09-06 09:00:00,KJ0002A,-104.73727277557408,KJ0002,False,35.81844227935513,50.97625882016315,45,26.5,0,0,4
2025-09-06 09:00:00,KJ0002B,-105.30517963542196,KJ0002,False,35.83480087837438,50.9769550233723,45,26.5,120,0,Unavailable Ret
2025-09-06 09:00:00,KJ0002C,-107.65948648345055,KJ0002,False,35.82662275667989,50.98206028508494,45,26.5,240,0,4
2025-09-06 09:00:00,KJ0003A,-103.61972637067025,KJ0003,False,35.82309939431079,50.98391659401138,45,26.5,0,0,Unavailable Ret
2025-09-06 09:00:00,KJ0003B,-105.50385678804066,KJ0003,False,35.82648545561028,50.98788443571395,45,26.5,120,0,2
2025-09-06 09:00:00,KJ0003C,-107.60323349436352,KJ0003,False,35.82444734958549,50.97607420509719,45,26.5,240,0,Unavailable Ret
2025-09-06 10:00:00,KJ0002A,-105.39610476455417,KJ0002,False,35.82999010565044,50.97089031928133,45,26.5,0,0,0
2025-09-06 10:00:00,KJ0002B,-109.49612125462883,KJ0002,False,35.828979793949856,50.9722817845859,45,26.5,120,0,0
2025-09-06 10:00:00,KJ0002C,-105.3361158805183,KJ0002,False,35.82404432287626,50.98725989042193,45,26.5,240,0,4
2025-09-06 10:00:00,KJ0003A,-105.50893506183384,KJ0003,False,35.81731250514284,50.98584943229522,45,26.5,0,0,0
2025-09-06 10:00:00,KJ0003B,-105.82211899906078,KJ0003,False,35.81871481205913,50.975746839044895,45,26.5,120,0,2
2025-09-06 10:00:00,KJ0003C,-108.73450637309385,KJ0003,False,35.82811292388477,50.97198652560004,45,26.5,240,0,0
2025-09-06 11:00:00,KJ0002A,-106.58949068059958,KJ0002,False,35.82605145588805,50.98778181334217,45,26.5,0,0,0
2025-09-06 11:00:00,KJ0002B,-106.83078453007786,KJ0002,False,35.821049680406524,50.978490008404705,45,26.5,120,0,Unavailable Ret
2025-09-06 11:00:00,KJ0002C,-107.31482925935583,KJ0002,False,35.822497100770484,50.96934386827918,45,26.5,240,0,Unavailable Ret
2025-09-06 11:00:00,KJ0003A,-107.0077005530011,KJ0003,False,35.817297656624824,50.98479094721074,45,26.5,0,0,0
2025-09-06 11:00:00,KJ0003B,-108.82648275727061,KJ0003,False,35.819509468099916,50.98293742020086,45,26.5,120,0,4
2025-09-06 11:00:00,KJ0003C,-107.79631443520263,KJ0003,False,35.828933863659266,50.979525811037874,45,26.5,240,0,Unavailable Ret
2025-09-06 12:00:00,KJ0002A,-109.98587368274364,KJ0002,False,35.82917907894645,50.986092809422985,45,26.5,0,0,0
2025-09-06 12:00:00,KJ0002B,-111.32064227894689,KJ0002,False,35.83404026677966,50.98312821527253,45,26.5,120,0,4
2025-09-06 12:00:00,KJ0002C,-111.99278337833414,KJ0002,False,35.83211591517818,50.971985464163595,45,26.5,240,0,Unavailable Ret
2025-09-06 12:00:00,KJ0003A,-110.55974617233204,KJ0003,False,35.827310583721705,50.975170993305355,45,26.5,0,0,2
2025-09-06 12:00:00,KJ0003B,-107.88012723190676,KJ0003,False,35.81981935797585,50.981337481992135,45,26.5,120,0,4
2025-09-06 12:00:00,KJ0003C,-108.7659881008466,KJ0003,False,35.831823605212094,50.98847811396153,45,26.5,240,0,4
2025-09-06 13:00:00,KJ0002A,-111.15460152783051,KJ0002,False,35.820562654580876,50.97497553199044,45,26.5,0,0,4
2025-09-06 13:00:00,KJ0002B,-112.57362428040088,KJ0002,False,35.82304310920913,50.987539888636775,45,26.5,120,0,0
2025-09-06 13:00:00,KJ0002C,-112.55262201289818,KJ0002,False,35.8161770640062,50.98451519684968,45,26.5,240,0,2
2025-09-06 13:00:00,KJ0003A,-108.22663980567961,KJ0003,False,35.81648839071643,50.97550925187192,45,26.5,0,0,2
2025-09-06 13:00:00,KJ0003B,-112.15857090384186,KJ0003,False,35.822288420940254,50.98772897165389,45,26.5,120,0,0
2025-09-06 13:00:00,KJ0003C,-111.6207368400804,KJ0003,False,35.83050723645918,50.98350973492984,45,26.5,240,0,4
2025-09-06 14:00:00,KJ0002A,-113.21953729157818,KJ0002,False,35.829828795967266,50.97086745795106,45,26.5,0,0,0
2025-09-06 14:00:00,KJ0002B,-115.15209537216407,KJ0002,False,35.82131507811849,50.98766544896483,45,26.5,120,0,0
2025-09-06 14:00:00,KJ0002C,-115.1566299029301,KJ0002,False,35.8342235309082,50.97110607009455,45,26.5,240,0,2
2025-09-06 14:00:00,KJ0003A,-112.34505256252554,KJ0003,False,35.82591990848211,50.97263630605944,45,26.5,0,0,Unavailable Ret
2025-09-06 14:00:00,KJ0003B,-116.1923757244762,KJ0003,False,35.822762247571056,50.97412552526317,45,26.5,120,0,2
2025-09-06 14:00:00,KJ0003C,-114.35902172038482,KJ0003,False,35.825145798782565,50.983643227375225,45,26.5,240,0,2
2025-09-06 15:00:00,KJ0002A,-111.63864120620967,KJ0002,False,35.834180746634,50.980912744011185,45,26.5,0,0,4
2025-09-06 15:00:00,KJ0002B,-116.1074434533624,KJ0002,False,35.81825221205646,50.98735044415704,45,26.5,120,0,Unavailable Ret
2025-09-06 15:00:00,KJ0002C,-114.62889407510727,KJ0002,False,35.82679089174301,50.98131297556581,45,26.5,240,0,4
2025-09-06 15:00:00,KJ0003A,-114.07884412658484,KJ0003,False,35.82587758032253,50.98167263817655,45,26.5,0,0,2
2025-09-06 15:00:00,KJ0003B,-111.1557111114504,KJ0003,False,35.827010148341586,50.975098147884275,45,26.5,120,0,Unavailable Ret
2025-09-06 15:00:00,KJ0003C,-111.50818242484502,KJ0003,False,35.819800487336764,50.96888037035496,45,26.5,240,0,Unavailable Ret
2025-09-06 16:00:00,KJ0002A,-113.22717446844315,KJ0002,False,35.818862652682704,50.980591717422186,45,26.5,0,0,2
2025-09-06 16:00:00,KJ0002B,-113.64894858612121,KJ0002,False,35.82228109602095,50.969849778888246,45,26.5,120,0,0
2025-09-06 16:00:00,KJ0002C,-114.24256749349442,KJ0002,False,35.81987203078359,50.977845084922855,45,26.5,240,0,0
2025-09-06 16:00:00,KJ0003A,-114.84180929272839,KJ0003,False,35.81921967386946,50.98335451820728,45,26.5,0,0,2
2025-09-06 16:00:00,KJ0003B,-113.200915167135,KJ0003,False,35.83435013908878,50.97087786201746,45,26.5,120,0,2
2025-09-06 16:00:00,KJ0003C,-116.36945569630643,KJ0003,False,35.829666499498124,50.97538089288303,45,26.5,240,0,Unavailable Ret
2025-09-06 17:00:00,KJ0002A,-114.19654847822808,KJ0002,False,35.823490419454174,50.97401423284311,45,26.5,0,0,0
2025-09-06 17:00:00,KJ0002B,-114.45030737731851,KJ0002,False,35.82506452788523,50.97760769960061,45,26.5,120,0,4
2025-09-06 17:00:00,KJ0002C,-111.3304613230345,KJ0002,False,35.82756376493792,50.97368044159962,45,26.5,240,0,Unavailable Ret
2025-09-06 17:00:00,KJ0003A,-112.06672097406437,KJ0003,False,35.81889049331477,50.98191988184679,45,26.5,0,0,0
2025-09-06 17:00:00,KJ0003B,-114.11126303306118,KJ0003,False,35.81508491108023,50.97380752520739,45,26.5,120,0,0
2025-09-06 17:00:00,KJ0003C,-113.69374564529508,KJ0003,False,35.81512626392466,50.97038290337079,45,26.5,240,0,2
2025-09-06 18:00:00,KJ0002A,-115.13435658009871,KJ0002,False,35.82946466949572,50.980974634494345,45,26.5,0,0,4
2025-09-06 18:00:00,KJ0002B,-116.4315199782215,KJ0002,False,35.82670606429355,50.976284007836504,45,26.5,120,0,4
2025-09-06 18:00:00,KJ0002C,-114.18424643524936,KJ0002,False,35.83126967610084,50.98749421016265,45,26.5,240,0,0
2025-09-06 18:00:00,KJ0003A,-114.09493712728103,KJ0003,False,35.830545390067144,50.97678896313798,45,26.5,0,0,2
2025-09-06 18:00:00,KJ0003B,-113.26168787122145,KJ0003,False,35.825238980483334,50.97020917438667,45,26.5,120,0,2
2025-09-06 18:00:00,KJ0003C,-113.22541832546652,KJ0003,False,35.82335991300713,50.972964348101684,45,26.5,240,0,4
2025-09-06 19:00:00,KJ0002A,-118.26521732306186,KJ0002,False,35.822178978398334,50.98674692178306,45,26.5,0,0,0
2025-09-06 19:00:00,KJ0002B,-114.2598918444645,KJ0002,False,35.815510158296135,50.9845874669001,45,26.5,120,0,2
2025-09-06 19:00:00,KJ0002C,-117.50684073089184,KJ0002,False,35.82891921660567,50.97739202667407,45,26.5,240,0,Unavailable Ret
2025-09-06 19:00:00,KJ0003A,-113.44379188538213,KJ0003,False,35.82551051009198,50.97172775264267,45,26.5,0,0,4
2025-09-06 19:00:00,KJ0003B,-115.78773124616885,KJ0003,False,35.8152482665755,50.97486092155668,45,26.5,120,0,Unavailable Ret
2025-09-06 19:00:00,KJ0003C,-118.37663779934456,KJ0003,False,35.82296265715959,50.97823051084087,45,26.5,240,0,Unavailable Ret
2025-09-06 20:00:00,KJ0002A,-115.31637266372174,KJ0002,False,35.82791347429048,50.9740447319597,45,26.5,0,0,2
2025-09-06 20:00:00,KJ0002B,-111.44286301198457,KJ0002,False,35.81704761233098,50.97916848776437,45,26.5,120,0,0
2025-09-06 20:00:00,KJ0002C,-113.24471822296876,KJ0002,False,35.83244381223687,50.98512251371182,45,26.5,240,0,Unavailable Ret
2025-09-06 20:00:00,KJ0003A,-116.40784659849596,KJ0003,False,35.82373402441955,50.984956890652356,45,26.5,0,0,0
2025-09-06 20:00:00,KJ0003B,-116.50042807203779,KJ0003,False,35.82511011319419,50.97955107629759,45,26.5,120,0,0
2025-09-06 20:00:00,KJ0003C,-115.9809480788801,KJ0003,False,35.82966061665681,50.9703727161295,45,26.5,240,0,Unavailable Ret
2025-09-06 21:00:00,KJ0002A,-114.87167521012827,KJ0002,False,35.83308576887747,50.98789630034005,45,26.5,0,0,Unavailable Ret
2025-09-06 21:00:00,KJ0002B,-111.52446345398361,KJ0002,False,35.82745433195508,50.976310403537994,45,26.5,120,0,2
2025-09-06 21:00:00,KJ0002C,-113.99513316708313,KJ0002,False,35.82587742379499,50.97890264945103,45,26.5,240,0,2
2025-09-06 21:00:00,KJ0003A,-115.23834677445336,KJ0003,False,35.82524198792023,50.984729712672966,45,26.5,0,0,4
2025-09-06 21:00:00,KJ0003B,-113.18589836831518,KJ0003,False,35.82977711707331,50.97762421202499,45,26.5,120,0,2
2025-09-06 21:00:00,KJ0003C,-113.2062235952156,KJ0003,False,35.82072885777717,50.97802378467465,45,26.5,240,0,4
2025-09-06 22:00:00,KJ0002A,-111.3889747073155,KJ0002,False,35.81940196321508,50.971191026003005,45,26.5,0,0,0
2025-09-06 22:00:00,KJ0002B,-114.33737302297219,KJ0002,False,35.829622522977886,50.98609944797974,45,26.5,120,0,0
2025-09-06 22:00:00,KJ0002C,-112.27579010635097,KJ0002,False,35.81803725602111,50.970511086750214,45,26.5,240,0,0
2025-09-06 22:00:00,KJ0003A,-109.01072165348263,KJ0003,False,35.82309401851143,50.98348827729625,45,26.5,0,0,4
2025-09-06 22:00:00,KJ0003B,-113.91915970949835,KJ0003,False,35.816916909689624,50.97328722609496,45,26.5,120,0,0
2025-09-06 22:00:00,KJ0003C,-115.01700982135067,KJ0003,False,35.8190478866088,50.97506004989465,45,26.5,240,0,4
2025-09-06 23:00:00,KJ0002A,-111.58626886857597,KJ0002,False,35.819494067418525,50.97323107846459,45,26.5,0,0,Unavailable Ret
2025-09-06 23:00:00,KJ0002B,-112.47994829160865,KJ0002,False,35.826248244077014,50.98856493343903,45,26.5,120,0,0
2025-09-06 23:00:00,KJ0002C,-114.46606184998852,KJ0002,False,35.82562810007676,50.98276859614072,45,26.5,240,0,4
2025-09-06 23:00:00,KJ0003A,-115.05394399579069,KJ0003,False,35.829881892614914,50.972913342755454,45,26.5,0,0,2
2025-09-06 23:00:00,KJ0003B,-109.26363904218246,KJ0003,False,35.82743837842437,50.979490081328315,45,26.5,120,0,0
2025-09-06 23:00:00,KJ0003C,-111.77655735810731,KJ0003,False,35.82874254542435,50.97875407500464,45,26.5,240,0,0
2025-09-07 00:00:00,KJ0002A,-111.79069264472605,KJ0002,False,35.828651472940486,50.97296504227672,45,26.5,0,0,0
2025-09-07 00:00:00,KJ0002B,-110.81620167832044,KJ0002,False,35.83010601944918,50.98241795450156,45,26.5,120,0,2
2025-09-07 00:00:00,KJ0002C,-115.36957609423499,KJ0002,False,35.81517248082091,50.98469516227146,45,26.5,240,0,0
2025-09-07 00:00:00,KJ0003A,-109.48085287703955,KJ0003,False,35.82827492878709,50.977002381136515,45,26.5,0,0,0
2025-09-07 00:00:00,KJ0003B,-107.07164552249513,KJ0003,False,35.819875447670455,50.969039575533166,45,26.5,120,0,Unavailable Ret
2025-09-07 00:00:00,KJ0003C,-108.00628245306838,KJ0003,False,35.82875550838108,50.983892765881436,45,26.5,240,0,0
2025-09-07 01:00:00,KJ0002A,-107.98302070059275,KJ0002,False,35.82451189319959,50.97551256791674,45,26.5,0,0,0
2025-09-07 01:00:00,KJ0002B,-108.02921144064422,KJ0002,False,35.8254415479355,50.97905123590819,45,26.5,120,0,4
2025-09-07 01:00:00,KJ0002C,-110.30598190328269,KJ0002,False,35.822566521798336,50.98491075318925,45,26.5,240,0,4
2025-09-07 01:00:00,KJ0003A,-108.83295392371811,KJ0003,False,35.82042763930372,50.97299912718579,45,26.5,0,0,Unavailable Ret
2025-09-07 01:00:00,KJ0003B,-109.25730916032913,KJ0003,False,35.82564521928535,50.98820131624101,45,26.5,120,0,Unavailable Ret
2025-09-07 01:00:00,KJ0003C,-106.82451248684202,KJ0003,False,35.82572170365338,50.98847414685042,45,26.5,240,0,2
2025-09-07 02:00:00,KJ0002A,-105.09984208714627,KJ0002,False,35.82347944465511,50.98878364707806,45,26.5,0,0,4
2025-09-07 02:00:00,KJ0002B,-108.48380489501241,KJ0002,False,35.815666751102384,50.97776773780526,45,26.5,120,0,4
2025-09-07 02:00:00,KJ0002C,-110.00859772587151,KJ0002,False,35.81618427355448,50.976231483988535,45,26.5,240,0,4
2025-09-07 02:00:00,KJ0003A,-110.4418175143752,KJ0003,False,35.82219963868063,50.969746385579214,45,26.5,0,0,4
2025-09-07 02:00:00,KJ0003B,-106.19695601732099,KJ0003,False,35.824489787363596,50.96894626951337,45,26.5,120,0,Unavailable Ret
2025-09-07 02:00:00,KJ0003C,-109.77537134084963,KJ0003,False,35.81671743204546,50.97091357161468,45,26.5,240,0,Unavailable Ret
2025-09-07 03:00:00,KJ0002A,-103.67127231090474,KJ0002,False,35.829844939847916,50.984900041439154,45,26.5,0,0,2
2025-09-07 03:00:00,KJ0002B,-105.63517012385769,KJ0002,False,35.82998003761833,50.96913256517755,45,26.5,120,0,4
2025-09-07 03:00:00,KJ0002C,-103.65772615381688,KJ0002,False,35.818207620121015,50.97273950399801,45,26.5,240,0,Unavailable Ret
2025-09-07 03:00:00,KJ0003A,-105.0686595489892,KJ0003,False,35.82262510304659,50.97201357747379,45,26.5,0,0,Unavailable Ret
2025-09-07 03:00:00,KJ0003B,-105.38165095632209,KJ0003,False,35.82789265474056,50.9866225584788,45,26.5,120,0,0
2025-09-07 03:00:00,KJ0003C,-103.58103257216716,KJ0003,False,35.82564292836433,50.98400534584112,45,26.5,240,0,Unavailable Ret
2025-09-07 04:00:00,KJ0002A,-102.05126028161158,KJ0002,False,35.82022885396633,50.972885083610485,45,26.5,0,0,4
2025-09-07 04:00:00,KJ0002B,-106.10596477186255,KJ0002,False,35.81851745558165,50.98083542629941,45,26.5,120,0,2
2025-09-07 04:00:00,KJ0002C,-103.9685776455133,KJ0002,False,35.824951192934776,50.9725984076163,45,26.5,240,0,0
2025-09-07 04:00:00,KJ0003A,-105.98335713264235,KJ0003,False,35.82650336180332,50.97151301162821,45,26.5,0,0,4
2025-09-07 04:00:00,KJ0003B,-104.64828880402261,KJ0003,False,35.83073482901083,50.974278920788365,45,26.5,120,0,2
2025-09-07 04:00:00,KJ0003C,-103.60871180982969,KJ0003,False,35.82547502798558,50.98157523434089,45,26.5,240,0,4
2025-09-07 05:00:00,KJ0002A,-108.01438391836972,KJ0002,False,35.82020023724584,50.972658531701434,45,26.5,0,0,2
2025-09-07 05:00:00,KJ0002B,-102.96024940894884,KJ0002,False,35.82037915092747,50.98193418150712,45,26.5,120,0,4
2025-09-07 05:00:00,KJ0002C,-103.47402244322132,KJ0002,False,35.83110879457081,50.98440050486289,45,26.5,240,0,4
2025-09-07 05:00:00,KJ0003A,-107.63541749809167,KJ0003,False,35.83447611313637,50.98457416681414,45,26.5,0,0,2
2025-09-07 05:00:00,KJ0003B,-107.06921952200618,KJ0003,False,35.82345692452807,50.96946298185586,45,26.5,120,0,4
2025-09-07 05:00:00,KJ0003C,-102.30090090922597,KJ0003,False,35.82009008699919,50.97714481944668,45,26.5,240,0,Unavailable Ret
2025-09-07 06:00:00,KJ0002A,-104.3006999054006,KJ0002,False,35.815589586413225,50.98217694782611,45,26.5,0,0,2
2025-09-07 06:00:00,KJ0002B,-108.12960554272411,KJ0002,False,35.82338969863682,50.972861303041,45,26.5,120,0,Unavailable Ret
2025-09-07 06:00:00,KJ0002C,-103.6585181080996,KJ0002,False,35.834733153469976,50.98534831328248,45,26.5,240,0,2
2025-09-07 06:00:00,KJ0003A,-105.58451952380354,KJ0003,False,35.82977009472743,50.98509427239786,45,26.5,0,0,0
2025-09-07 06:00:00,KJ0003B,-103.48642264002603,KJ0003,False,35.83197046542014,50.98879256594804,45,26.5,120,0,4
2025-09-07 06:00:00,KJ0003C,-103.7750624119728,KJ0003,False,35.826233245972446,50.97492060544896,45,26.5,240,0,0
2025-09-07 07:00:00,KJ0002A,-102.74077675476589,KJ0002,False,35.8261336138245,50.97509555978421,45,26.5,0,0,Unavailable Ret
2025-09-07 07:00:00,KJ0002B,-106.3655081400886,KJ0002,False,35.82105392736435,50.96915485825991,45,26.5,120,0,4
2025-09-07 07:00:00,KJ0002C,-103.92623088794255,KJ0002,False,35.83005605249002,50.96961876033375,45,26.5,240,0,4
2025-09-07 07:00:00,KJ0003A,-102.51250422948384,KJ0003,False,35.8250427143579,50.96894692321708,45,26.5,0,0,4
2025-09-07 07:00:00,KJ0003B,-103.23684994333676,KJ0003,False,35.82654873013118,50.98045900759776,45,26.5,120,0,0
2025-09-07 07:00:00,KJ0003C,-104.50922408330378,KJ0003,False,35.82757644479584,50.983500072392566,45,26.5,240,0,2
2025-09-07 08:00:00,KJ0002A,-107.3067303129618,KJ0002,False,35.81938750924967,50.980777037537756,45,26.5,0,0,Unavailable Ret
2025-09-07 08:00:00,KJ0002B,-102.60513753172157,KJ0002,False,35.82239255316751,50.97626971887318,45,26.5,120,0,Unavailable Ret
2025-09-07 08:00:00,KJ0002C,-108.61148314442434,KJ0002,False,35.83472262218998,50.988462358157356,45,26.5,240,0,Unavailable Ret
2025-09-07 08:00:00,KJ0003A,-105.38753438369471,KJ0003,False,35.83203090599007,50.97806333802507,45,26.5,0,0,2
2025-09-07 08:00:00,KJ0003B,-106.85458489238191,KJ0003,False,35.82390528685105,50.982335726043345,45,26.5,120,0,4
2025-09-07 08:00:00,KJ0003C,-105.42277758916664,KJ0003,False,35.83208282842593,50.97104126568402,45,26.5,240,0,4
2025-09-07 09:00:00,KJ0002A,-106.46170679205129,KJ0002,False,35.82862767953102,50.98278271611783,45,26.5,0,0,0
2025-09-07 09:00:00,KJ0002B,-109.01801199832944,KJ0002,False,35.81620601309229,50.9799337541956,45,26.5,120,0,0
2025-09-07 09:00:00,KJ0002C,-104.00271706775779,KJ0002,False,35.81839712020579,50.98294278291141,45,26.5,240,0,2
2025-09-07 09:00:00,KJ0003A,-103.09443753665025,KJ0003,False,35.826404523141946,50.97789822140535,45,26.5,0,0,2
2025-09-07 09:00:00,KJ0003B,-105.41830808606247,KJ0003,False,35.82880279139244,50.98560309949977,45,26.5,120,0,2
2025-09-07 09:00:00,KJ0003C,-103.80273173333293,KJ0003,False,35.82852401085867,50.98704426069735,45,26.5,240,0,Unavailable Ret
2025-09-07 10:00:00,KJ0002A,-83.46308957155796,KJ0002,True,35.82626214465764,50.97438025048652,45,26.5,0,0,Unavailable Ret
2025-09-07 10:00:00,KJ0002B,-84.21442169076273,KJ0002,True,35.82962129446519,50.97073816882534,45,26.5,120,0,4
2025-09-07 10:00:00,KJ0002C,-109.11487080293922,KJ0002,False,35.826946939110805,50.98645946011279,45,26.5,240,0,Unavailable Ret
2025-09-07 10:00:00,KJ0003A,-107.79801039872773,KJ0003,False,35.82862359542296,50.980775528399235,45,26.5,0,0,Unavailable Ret
2025-09-07 10:00:00,KJ0003B,-106.24094083155637,KJ0003,False,35.82054039097854,50.98489280624705,45,26.5,120,0,4
2025-09-07 10:00:00,KJ0003C,-109.10863151931999,KJ0003,False,35.8188210595569,50.97316454018255,45,26.5,240,0,0
2025-09-07 11:00:00,KJ0002A,-80.34990482473572,KJ0002,True,35.831757758611424,50.97008788137197,45,26.5,0,0,Unavailable Ret
2025-09-07 11:00:00,KJ0002B,-81.52492917574818,KJ0002,True,35.82351787292352,50.97675923177495,45,26.5,120,0,0
2025-09-07 11:00:00,KJ0002C,-109.11762363624807,KJ0002,False,35.81623069778088,50.973055862030996,45,26.5,240,0,2
2025-09-07 11:00:00,KJ0003A,-110.19906146756787,KJ0003,False,35.824309019305275,50.96994445041486,45,26.5,0,0,Unavailable Ret
2025-09-07 11:00:00,KJ0003B,-112.11033130664741,KJ0003,False,35.83077586394418,50.975365078360824,45,26.5,120,0,Unavailable Ret
2025-09-07 11:00:00,KJ0003C,-109.63153614716641,KJ0003,False,35.81920413580783,50.969250416294585,45,26.5,240,0,2
2025-09-07 12:00:00,KJ0002A,-78.2600579185427,KJ0002,True,35.81606129684439,50.973050138793305,45,26.5,0,0,2
2025-09-07 12:00:00,KJ0002B,-76.01761936046765,KJ0002,True,35.8303460666428,50.970369599109986,45,26.5,120,0,Unavailable Ret
2025-09-07 12:00:00,KJ0002C,-113.83619920100759,KJ0002,False,35.82607816728968,50.984916097809666,45,26.5,240,0,0
2025-09-07 12:00:00,KJ0003A,-110.30020844317102,KJ0003,False,35.82437992232512,50.98445112053774,45,26.5,0,0,Unavailable Ret
2025-09-07 12:00:00,KJ0003B,-109.30039995086419,KJ0003,False,35.82028280835721,50.97859668637088,45,26.5,120,0,0
2025-09-07 12:00:00,KJ0003C,-112.00810919368402,KJ0003,False,35.82364492983275,50.988524689984686,45,26.5,240,0,2
2025-09-07 13:00:00,KJ0002A,-77.74993923700882,KJ0002,True,35.8262957515018,50.982184246743884,45,26.5,0,0,Unavailable Ret
2025-09-07 13:00:00,KJ0002B,-78.35798286928214,KJ0002,True,35.81879491908816,50.96973922883183,45,26.5,120,0,4
2025-09-07 13:00:00,KJ0002C,-111.85186201381411,KJ0002,False,35.81871333034437,50.97862785074813,45,26.5,240,0,Unavailable Ret
2025-09-07 13:00:00,KJ0003A,-109.60377928314396,KJ0003,False,35.827931100439514,50.980031577089306,45,26.5,0,0,2
2025-09-07 13:00:00,KJ0003B,-112.14299263179757,KJ0003,False,35.83200589349623,50.97697609601903,45,26.5,120,0,4
2025-09-07 13:00:00,KJ0003C,-109.22244474867747,KJ0003,False,35.82878061250418,50.97716290735281,45,26.5,240,0,Unavailable Ret
2025-09-07 14:00:00,KJ0002A,-75.48555174336909,KJ0002,True,35.81831983254763,50.98019454635862,45,26.5,0,0,0
2025-09-07 14:00:00,KJ0002B,-79.87102944481191,KJ0002,True,35.832202121649495,50.976895516664655,45,26.5,120,0,Unavailable Ret
2025-09-07 14:00:00,KJ0002C,-116.6933513971396,KJ0002,False,35.82804334519258,50.97166447086746,45,26.5,240,0,2
2025-09-07 14:00:00,KJ0003A,-110.77241635086068,KJ0003,False,35.831904069001865,50.97214604572276,45,26.5,0,0,4
2025-09-07 14:00:00,KJ0003B,-113.71575052135164,KJ0003,False,35.83132421903121,50.97455415135322,45,26.5,120,0,0
2025-09-07 14:00:00,KJ0003C,-113.57824540629795,KJ0003,False,35.82634228014259,50.980015318892484,45,26.5,240,0,2
2025-09-07 15:00:00,KJ0002A,-114.23557081511503,KJ0002,False,35.83076464526696,50.97618781457394,45,26.5,0,0,4
2025-09-07 15:00:00,KJ0002B,-115.52763347793629,KJ0002,False,35.821559606513496,50.98342927539663,45,26.5,120,0,0
2025-09-07 15:00:00,KJ0002C,-114.59796249514794,KJ0002,False,35.82826529228825,50.97325008526871,45,26.5,240,0,2
2025-09-07 15:00:00,KJ0003A,-112.56778060355666,KJ0003,False,35.82521148122222,50.97927906006957,45,26.5,0,0,4
2025-09-07 15:00:00,KJ0003B,-112.94316429647071,KJ0003,False,35.82735657870181,50.98384531527878,45,26.5,120,0,2
2025-09-07 15:00:00,KJ0003C,-112.78509999161841,KJ0003,False,35.820117402232036,50.97992674948681,45,26.5,240,0,0
2025-09-07 16:00:00,KJ0002A,-114.392244884664,KJ0002,False,35.83322479300685,50.96964118238101,45,26.5,0,0,2
2025-09-07 16:00:00,KJ0002B,-116.14949385288587,KJ0002,False,35.82700883117192,50.98733044937464,45,26.5,120,0,4
2025-09-07 16:00:00,KJ0002C,-114.46928343676466,KJ0002,False,35.824135988258796,50.984051512849106,45,26.5,240,0,Unavailable Ret
2025-09-07 16:00:00,KJ0003A,-112.550151894488,KJ0003,False,35.82711507306565,50.98404848623365,45,26.5,0,0,4
2025-09-07 16:00:00,KJ0003B,-115.38262273195704,KJ0003,False,35.83136106104548,50.97225416726625,45,26.5,120,0,0
2025-09-07 16:00:00,KJ0003C,-111.55345146250531,KJ0003,False,35.83006786671109,50.969749050008716,45,26.5,240,0,0
2025-09-07 17:00:00,KJ0002A,-110.00953183263108,KJ0002,False,35.83302211434429,50.979037080191006,45,26.5,0,0,4
2025-09-07 17:00:00,KJ0002B,-114.38664588488855,KJ0002,False,35.81727801630411,50.981366447033125,45,26.5,120,0,2
2025-09-07 17:00:00,KJ0002C,-118.99785501044252,KJ0002,False,35.831593607899606,50.972053591694234,45,26.5,240,0,4
2025-09-07 17:00:00,KJ0003A,-111.38023583192313,KJ0003,False,35.82988468140856,50.973150015177346,45,26.5,0,0,Unavailable Ret
2025-09-07 17:00:00,KJ0003B,-114.33127178801755,KJ0003,False,35.820430995003335,50.972309921007096,45,26.5,120,0,0
2025-09-07 17:00:00,KJ0003C,-116.61661559922057,KJ0003,False,35.8270254146137,50.97283682542564,45,26.5,240,0,4
2025-09-07 18:00:00,KJ0002A,-116.07067017403244,KJ0002,False,35.830265428393304,50.97357866649813,45,26.5,0,0,0
2025-09-07 18:00:00,KJ0002B,-114.28309276358075,KJ0002,False,35.83193986805525,50.9855413189091,45,26.5,120,0,Unavailable Ret
2025-09-07 18:00:00,KJ0002C,-116.27998363355489,KJ0002,False,35.815193109711025,50.985377171219454,45,26.5,240,0,2
2025-09-07 18:00:00,KJ0003A,-115.3324429694203,KJ0003,False,35.81656097328055,50.97449602261341,45,26.5,0,0,4
2025-09-07 18:00:00,KJ0003B,-115.38939459223336,KJ0003,False,35.83403984649148,50.982197358134016,45,26.5,120,0,4
2025-09-07 18:00:00,KJ0003C,-115.128376354217,KJ0003,False,35.82755189401649,50.980785848407066,45,26.5,240,0,2
2025-09-07 19:00:00,KJ0002A,-117.17415003722834,KJ0002,False,35.83177218470031,50.98778322925801,45,26.5,0,0,4
2025-09-07 19:00:00,KJ0002B,-112.53587073294155,KJ0002,False,35.82493660618709,50.9758482650002,45,26.5,120,0,0
2025-09-07 19:00:00,KJ0002C,-113.07753554638576,KJ0002,False,35.83461217692174,50.97507758871527,45,26.5,240,0,4
2025-09-07 19:00:00,KJ0003A,-111.88428777994338,KJ0003,False,35.817655104795534,50.97510326403659,45,26.5,0,0,Unavailable Ret
2025-09-07 19:00:00,KJ0003B,-116.46998288953739,KJ0003,False,35.83150143580511,50.98754969027055,45,26.5,120,0,Unavailable Ret
2025-09-07 19:00:00,KJ0003C,-117.33238562430013,KJ0003,False,35.83358992844172,50.97789627428422,45,26.5,240,0,2
2025-09-07 20:00:00,KJ0002A,-113.68201296247908,KJ0002,False,35.81781944542012,50.988201527629016,45,26.5,0,0,0
2025-09-07 20:00:00,KJ0002B,-116.62550979855354,KJ0002,False,35.83307465360843,50.9726278683577,45,26.5,120,0,Unavailable Ret
2025-09-07 20:00:00,KJ0002C,-110.17885193459053,KJ0002,False,35.82983354273908,50.9839173616542,45,26.5,240,0,2
2025-09-07 20:00:00,KJ0003A,-115.0746719874934,KJ0003,False,35.81835385002022,50.97472533473274,45,26.5,0,0,4
2025-09-07 20:00:00,KJ0003B,-116.22796006057187,KJ0003,False,35.82285812518599,50.986531737764594,45,26.5,120,0,Unavailable Ret
2025-09-07 20:00:00,KJ0003C,-110.83540062309108,KJ0003,False,35.829959288909016,50.974741446985284,45,26.5,240,0,Unavailable Ret
2025-09-07 21:00:00,KJ0002A,-115.74435646095591,KJ0002,False,35.81862219666149,50.97253264914695,45,26.5,0,0,2
2025-09-07 21:00:00,KJ0002B,-111.68759298876392,KJ0002,False,35.82688593983858,50.986102710754714,45,26.5,120,0,Unavailable Ret
2025-09-07 21:00:00,KJ0002C,-112.83052396921897,KJ0002,False,35.82543909828379,50.974598906853515,45,26.5,240,0,4
2025-09-07 21:00:00,KJ0003A,-114.6762366387601,KJ0003,False,35.83380799336492,50.971581789161576,45,26.5,0,0,4
2025-09-07 21:00:00,KJ0003B,-115.9536026999111,KJ0003,False,35.817141661491114,50.97977391364144,45,26.5,120,0,0
2025-09-07 21:00:00,KJ0003C,-114.01221025055987,KJ0003,False,35.815714983780374,50.97319817416504,45,26.5,240,0,4
2025-09-07 22:00:00,KJ0002A,-111.41304124265982,KJ0002,False,35.83122962034598,50.980172105178106,45,26.5,0,0,4
2025-09-07 22:00:00,KJ0002B,-112.10037913256258,KJ0002,False,35.82880379818118,50.97705714183681,45,26.5,120,0,2
2025-09-07 22:00:00,KJ0002C,-111.56656753198963,KJ0002,False,35.816899090362,50.980377147622654,45,26.5,240,0,4
2025-09-07 22:00:00,KJ0003A,-111.48726604494749,KJ0003,False,35.82204082797508,50.97068335916945,45,26.5,0,0,2
2025-09-07 22:00:00,KJ0003B,-109.46721188949286,KJ0003,False,35.81545886892094,50.98201435277454,45,26.5,120,0,Unavailable Ret
2025-09-07 22:00:00,KJ0003C,-111.29576335921503,KJ0003,False,35.81927124123086,50.98630217685528,45,26.5,240,0,0
2025-09-07 23:00:00,KJ0002A,-114.78275666406913,KJ0002,False,35.83357631457302,50.98521480458968,45,26.5,0,0,2
2025-09-07 23:00:00,KJ0002B,-110.12960627038508,KJ0002,False,35.83068141309077,50.96947556968714,45,26.5,120,0,2
2025-09-07 23:00:00,KJ0002C,-115.10971034126739,KJ0002,False,35.81581699053939,50.96989530515719,45,26.5,240,0,Unavailable Ret
2025-09-07 23:00:00,KJ0003A,-113.01486524707161,KJ0003,False,35.82528172970443,50.97320519745387,45,26.5,0,0,0
2025-09-07 23:00:00,KJ0003B,-114.126962481905,KJ0003,False,35.82636263508689,50.97602417493965,45,26.5,120,0,0
2025-09-07 23:00:00,KJ0003C,-109.98770900435198,KJ0003,False,35.82971358990739,50.970368797220786,45,26.5,240,0,4
2025-09-08 00:00:00,KJ0002A,-112.5743271371685,KJ0002,False,35.830924290513366,50.97540358965595,45,26.5,0,0,2
2025-09-08 00:00:00,KJ0002B,-112.79423637022599,KJ0002,False,35.8179307162268,50.98553181905191,45,26.5,120,0,Unavailable Ret
2025-09-08 00:00:00,KJ0002C,-107.53236553582141,KJ0002,False,35.81923477392892,50.97645982547336,45,26.5,240,0,0
2025-09-08 00:00:00,KJ0003A,-110.12933505998079,KJ0003,False,35.826339448751156,50.98407767223725,45,26.5,0,0,0
2025-09-08 00:00:00,KJ0003B,-113.73948339939083,KJ0003,False,35.83346109756839,50.971212875314826,45,26.5,120,0,2
2025-09-08 00:00:00,KJ0003C,-110.77704155036602,KJ0003,False,35.81634136516867,50.97725522403532,45,26.5,240,0,2
2025-09-08 01:00:00,KJ0002A,-108.75956846190552,KJ0002,False,35.82296496210005,50.9720643762395,45,26.5,0,0,Unavailable Ret
2025-09-08 01:00:00,KJ0002B,-109.73358200817293,KJ0002,False,35.82719478064107,50.97548219566616,45,26.5,120,0,0
2025-09-08 01:00:00,KJ0002C,-109.39100317620293,KJ0002,False,35.82316333991634,50.971167169703286,45,26.5,240,0,4
2025-09-08 01:00:00,KJ0003A,-108.36497723249425,KJ0003,False,35.83028144203461,50.96972080758777,45,26.5,0,0,4
2025-09-08 01:00:00,KJ0003B,-109.13880922003028,KJ0003,False,35.82582326758882,50.97690415512266,45,26.5,120,0,Unavailable Ret
2025-09-08 01:00:00,KJ0003C,-109.96647766261768,KJ0003,False,35.815745716899436,50.97523304110584,45,26.5,240,0,0
2025-09-08 02:00:00,KJ0002A,-110.24334739446093,KJ0002,False,35.816927486364264,50.97593795366973,45,26.5,0,0,0
2025-09-08 02:00:00,KJ0002B,-108.91888200485509,KJ0002,False,35.825443220475286,50.97959565869483,45,26.5,120,0,0
2025-09-08 02:00:00,KJ0002C,-107.83105630270666,KJ0002,False,35.81844557734435,50.97197625410634,45,26.5,240,0,Unavailable Ret
2025-09-08 02:00:00,KJ0003A,-108.8587691396127,KJ0003,False,35.83295497888713,50.971965674191,45,26.5,0,0,2
2025-09-08 02:00:00,KJ0003B,-110.52894061836153,KJ0003,False,35.824858545743325,50.98346972719406,45,26.5,120,0,0
2025-09-08 02:00:00,KJ0003C,-106.85681357732152,KJ0003,False,35.82107100290126,50.98556996981236,45,26.5,240,0,4
2025-09-08 03:00:00,KJ0002A,-103.72364670609953,KJ0002,False,35.82287421266368,50.983887957646076,45,26.5,0,0,2
2025-09-08 03:00:00,KJ0002B,-103.60555048997925,KJ0002,False,35.81567104805431,50.98445927727289,45,26.5,120,0,4
2025-09-08 03:00:00,KJ0002C,-104.9141551059977,KJ0002,False,35.81773872513205,50.98549859431148,45,26.5,240,0,2
2025-09-08 03:00:00,KJ0003A,-105.35838592236254,KJ0003,False,35.83367349645923,50.97358288931955,45,26.5,0,0,Unavailable Ret
2025-09-08 03:00:00,KJ0003B,-104.99999707980196,KJ0003,False,35.81983338535097,50.98572424650572,45,26.5,120,0,Unavailable Ret
2025-09-08 03:00:00,KJ0003C,-106.89125053128156,KJ0003,False,35.825759429797245,50.97432769210405,45,26.5,240,0,2
2025-09-08 04:00:00,KJ0002A,-109.30583143185211,KJ0002,False,35.815595388284834,50.974279972106885,45,26.5,0,0,4
2025-09-08 04:00:00,KJ0002B,-104.15044839010946,KJ0002,False,35.82906691991722,50.982773902228736,45,26.5,120,0,4
2025-09-08 04:00:00,KJ0002C,-102.65460586325044,KJ0002,False,35.821726121968204,50.982261863141716,45,26.5,240,0,2
2025-09-08 04:00:00,KJ0003A,-107.05417740523158,KJ0003,False,35.82362147056025,50.97148809226993,45,26.5,0,0,2
2025-09-08 04:00:00,KJ0003B,-107.0836581170525,KJ0003,False,35.83461664607587,50.969355391975284,45,26.5,120,0,Unavailable Ret
2025-09-08 04:00:00,KJ0003C,-103.95876166303638,KJ0003,False,35.81863264176898,50.97803301639319,45,26.5,240,0,2
2025-09-08 05:00:00,KJ0002A,-104.2833674273856,KJ0002,False,35.819263521582464,50.974984328340426,45,26.5,0,0,Unavailable Ret
2025-09-08 05:00:00,KJ0002B,-107.47410763772821,KJ0002,False,35.833148840964014,50.98436580955032,45,26.5,120,0,2
2025-09-08 05:00:00,KJ0002C,-105.77209036283631,KJ0002,False,35.829955659565506,50.98679929293695,45,26.5,240,0,0
2025-09-08 05:00:00,KJ0003A,-107.58932473939227,KJ0003,False,35.82861811443822,50.975650896709595,45,26.5,0,0,4
2025-09-08 05:00:00,KJ0003B,-107.43570897230845,KJ0003,False,35.81948625666186,50.96931415507289,45,26.5,120,0,0
2025-09-08 05:00:00,KJ0003C,-104.48165932997874,KJ0003,False,35.8337750307558,50.97493204711548,45,26.5,240,0,0
2025-09-08 06:00:00,KJ0002A,-104.017584669176,KJ0002,False,35.833339275959126,50.977232547656136,45,26.5,0,0,2
2025-09-08 06:00:00,KJ0002B,-105.71605875949398,KJ0002,False,35.81908396283141,50.977240081481625,45,26.5,120,0,4
2025-09-08 06:00:00,KJ0002C,-105.71753187219029,KJ0002,False,35.82647504784625,50.969066050731776,45,26.5,240,0,Unavailable Ret
2025-09-08 06:00:00,KJ0003A,-105.1630456536387,KJ0003,False,35.82108413024104,50.97379746717456,45,26.5,0,0,2
2025-09-08 06:00:00,KJ0003B,-108.46240260688985,KJ0003,False,35.83428600826714,50.979723973250074,45,26.5,120,0,4
2025-09-08 06:00:00,KJ0003C,-102.01012354509353,KJ0003,False,35.82551735882363,50.98016143292896,45,26.5,240,0,Unavailable Ret
2025-09-08 07:00:00,KJ0002A,-105.65387014634155,KJ0002,False,35.82580737125552,50.969851462076484,45,26.5,0,0,Unavailable Ret
2025-09-08 07:00:00,KJ0002B,-103.61023027377253,KJ0002,False,35.82301991588121,50.97210673296178,45,26.5,120,0,4
2025-09-08 07:00:00,KJ0002C,-106.5856226581987,KJ0002,False,35.831156106244265,50.98744796840339,45,26.5,240,0,Unavailable Ret
2025-09-08 07:00:00,KJ0003A,-106.59471859690674,KJ0003,False,35.818674988304686,50.96985118375919,45,26.5,0,0,4
2025-09-08 07:00:00,KJ0003B,-103.81565182518182,KJ0003,False,35.81583587697963,50.978690707614284,45,26.5,120,0,0
2025-09-08 07:00:00,KJ0003C,-106.7204392474021,KJ0003,False,35.8293605846045,50.978527823712014,45,26.5,240,0,4
2025-09-08 08:00:00,KJ0002A,-108.14472625752295,KJ0002,False,35.82624991756567,50.984948646586,45,26.5,0,0,4
2025-09-08 08:00:00,KJ0002B,-105.45105603741186,KJ0002,False,35.833026053419395,50.97978829680759,45,26.5,120,0,0
2025-09-08 08:00:00,KJ0002C,-107.2825983753504,KJ0002,False,35.82297911162817,50.98243394433666,45,26.5,240,0,0
2025-09-08 08:00:00,KJ0003A,-108.36103978128773,KJ0003,False,35.831357131096524,50.980536772633776,45,26.5,0,0,4
2025-09-08 08:00:00,KJ0003B,-107.56136510247137,KJ0003,False,35.82764008962513,50.974036562758805,45,26.5,120,0,2
2025-09-08 08:00:00,KJ0003C,-104.45338059770786,KJ0003,False,35.82155621908302,50.97507823811073,45,26.5,240,0,0
2025-09-08 09:00:00,KJ0002A,-107.40274882422545,KJ0002,False,35.8196206317036,50.98228767686583,45,26.5,0,0,0
2025-09-08 09:00:00,KJ0002B,-109.32076308495746,KJ0002,False,35.817632151880424,50.979751642435836,45,26.5,120,0,2
2025-09-08 09:00:00,KJ0002C,-108.671805751128,KJ0002,False,35.82956901894795,50.97604949010283,45,26.5,240,0,2
2025-09-08 09:00:00,KJ0003A,-107.12604454272238,KJ0003,False,35.81550878492812,50.988635128268186,45,26.5,0,0,0
2025-09-08 09:00:00,KJ0003B,-105.25401869203075,KJ0003,False,35.82636614100502,50.98616203090756,45,26.5,120,0,4
2025-09-08 09:00:00,KJ0003C,-104.23359949930499,KJ0003,False,35.834513491101816,50.98420010870626,45,26.5,240,0,4
2025-09-08 10:00:00,KJ0002A,-81.69715332497915,KJ0002,True,35.82609463633369,50.9858514905603,45,26.5,0,0,2
2025-09-08 10:00:00,KJ0002B,-84.76467505585902,KJ0002,True,35.823402457277936,50.97441876152147,45,26.5,120,0,4
2025-09-08 10:00:00,KJ0002C,-104.56083492527823,KJ0002,False,35.81513400794679,50.985207608495585,45,26.5,240,0,4
2025-09-08 10:00:00,KJ0003A,-106.90914542687023,KJ0003,False,35.824229001175446,50.97868464630365,45,26.5,0,0,Unavailable Ret
2025-09-08 10:00:00,KJ0003B,-109.4046327614776,KJ0003,False,35.83011726727716,50.973900526818404,45,26.5,120,0,Unavailable Ret
2025-09-08 10:00:00,KJ0003C,-108.85399027691706,KJ0003,False,35.82504277165038,50.970060142860106,45,26.5,240,0,4
2025-09-08 11:00:00,KJ0002A,-78.23516250479396,KJ0002,True,35.826694836546174,50.98090300240246,45,26.5,0,0,Unavailable Ret
2025-09-08 11:00:00,KJ0002B,-84.9459507632733,KJ0002,True,35.81483692541913,50.97640201539575,45,26.5,120,0,Unavailable Ret
2025-09-08 11:00:00,KJ0002C,-110.1765116958513,KJ0002,False,35.82865708612309,50.97350665645298,45,26.5,240,0,0
2025-09-08 11:00:00,KJ0003A,-107.26294612697271,KJ0003,False,35.828032813568576,50.98188470706265,45,26.5,0,0,4
2025-09-08 11:00:00,KJ0003B,-106.56013128850161,KJ0003,False,35.81570993642471,50.98352302518083,45,26.5,120,0,2
2025-09-08 11:00:00,KJ0003C,-108.05503105561978,KJ0003,False,35.818479048023,50.98072283725513,45,26.5,240,0,Unavailable Ret
2025-09-08 12:00:00,KJ0002A,-84.86317585239318,KJ0002,True,35.8164419744001,50.97401183182269,45,26.5,0,0,Unavailable Ret
2025-09-08 12:00:00,KJ0002B,-80.17286526923066,KJ0002,True,35.83035910934365,50.98229694266977,45,26.5,120,0,Unavailable Ret
2025-09-08 12:00:00,KJ0002C,-111.09168517194216,KJ0002,False,35.82808648949705,50.98814605447261,45,26.5,240,0,0
2025-09-08 12:00:00,KJ0003A,-111.74051244703445,KJ0003,False,35.830929578017354,50.98068033685578,45,26.5,0,0,Unavailable Ret
2025-09-08 12:00:00,KJ0003B,-109.9750013561855,KJ0003,False,35.81619788171808,50.97063753703472,45,26.5,120,0,2
2025-09-08 12:00:00,KJ0003C,-104.26319388866646,KJ0003,False,35.817359713602805,50.98484412695367,45,26.5,240,0,2
2025-09-08 13:00:00,KJ0002A,-77.85281166497964,KJ0002,True,35.82067706842882,50.979349406147115,45,26.5,0,0,Unavailable Ret
2025-09-08 13:00:00,KJ0002B,-75.05584732441126,KJ0002,True,35.82691962501052,50.97499772764032,45,26.5,120,0,0
2025-09-08 13:00:00,KJ0002C,-110.55885554509318,KJ0002,False,35.82072648194993,50.96886224188392,45,26.5,240,0,4
2025-09-08 13:00:00,KJ0003A,-110.99791638591606,KJ0003,False,35.8164433455172,50.987325741415894,45,26.5,0,0,0
2025-09-08 13:00:00,KJ0003B,-108.8688787506717,KJ0003,False,35.81513486886419,50.98341556108901,45,26.5,120,0,Unavailable Ret
2025-09-08 13:00:00,KJ0003C,-107.82443144305815,KJ0003,False,35.83286411020891,50.98558526014277,45,26.5,240,0,0
2025-09-08 14:00:00,KJ0002A,-84.0558110233952,KJ0002,True,35.83144036666224,50.98720795084163,45,26.5,0,0,2
2025-09-08 14:00:00,KJ0002B,-81.81737958614274,KJ0002,True,35.832695302365124,50.98173805810585,45,26.5,120,0,Unavailable Ret
2025-09-08 14:00:00,KJ0002C,-113.25510931281792,KJ0002,False,35.81481061437691,50.98308274091761,45,26.5,240,0,0
2025-09-08 14:00:00,KJ0003A,-111.94655405482337,KJ0003,False,35.82589713362432,50.971804349241985,45,26.5,0,0,2
2025-09-08 14:00:00,KJ0003B,-110.15960258160679,KJ0003,False,35.83396263292545,50.98015489901226,45,26.5,120,0,0
2025-09-08 14:00:00,KJ0003C,-112.23140700550441,KJ0003,False,35.825872239421166,50.98508516241981,45,26.5,240,0,4
2025-09-08 15:00:00,KJ0002A,-110.69905319641761,KJ0002,False,35.82258452695753,50.97364598246901,45,26.5,0,0,4
2025-09-08 15:00:00,KJ0002B,-116.71317085657319,KJ0002,False,35.8244109475462,50.9716003097404,45,26.5,120,0,Unavailable Ret
2025-09-08 15:00:00,KJ0002C,-110.69847121563666,KJ0002,False,35.832282370574745,50.98875137800981,45,26.5,240,0,2
2025-09-08 15:00:00,KJ0003A,-118.5111512190029,KJ0003,False,35.82408628499455,50.97524054633124,45,26.5,0,0,0
2025-09-08 15:00:00,KJ0003B,-115.170964857393,KJ0003,False,35.82826014525347,50.9824838337851,45,26.5,120,0,0
2025-09-08 15:00:00,KJ0003C,-116.80073939730738,KJ0003,False,35.828703075456204,50.976133413524686,45,26.5,240,0,Unavailable Ret
2025-09-08 16:00:00,KJ0002A,-113.89687706811296,KJ0002,False,35.82867844256113,50.982852229927886,45,26.5,0,0,0
2025-09-08 16:00:00,KJ0002B,-116.38163238620275,KJ0002,False,35.83089191339267,50.97735875416934,45,26.5,120,0,4
2025-09-08 16:00:00,KJ0002C,-112.8400658930966,KJ0002,False,35.81854279879595,50.96935379289739,45,26.5,240,0,2
2025-09-08 16:00:00,KJ0003A,-111.45123558861593,KJ0003,False,35.82096059590981,50.97868108978765,45,26.5,0,0,0
2025-09-08 16:00:00,KJ0003B,-115.05305255231016,KJ0003,False,35.81732099579797,50.988109598949485,45,26.5,120,0,Unavailable Ret
2025-09-08 16:00:00,KJ0003C,-113.49723494271929,KJ0003,False,35.820455249408255,50.9748015130105,45,26.5,240,0,0
2025-09-08 17:00:00,KJ0002A,-116.53623574509801,KJ0002,False,35.81595053828007,50.97094966854922,45,26.5,0,0,Unavailable Ret
2025-09-08 17:00:00,KJ0002B,-114.65906066445864,KJ0002,False,35.82429328592544,50.970173877628106,45,26.5,120,0,4
2025-09-08 17:00:00,KJ0002C,-112.62187444481283,KJ0002,False,35.81564157919693,50.978802598870956,45,26.5,240,0,Unavailable Ret
2025-09-08 17:00:00,KJ0003A,-113.87929363845458,KJ0003,False,35.82279333589022,50.98081190214809,45,26.5,0,0,0
2025-09-08 17:00:00,KJ0003B,-113.15697169277443,KJ0003,False,35.831008488406056,50.98050260438199,45,26.5,120,0,2
2025-09-08 17:00:00,KJ0003C,-114.35197035907251,KJ0003,False,35.83268270506692,50.97033276862159,45,26.5,240,0,4
2025-09-08 18:00:00,KJ0002A,-117.73164831083088,KJ0002,False,35.82884476547754,50.97996929274697,45,26.5,0,0,4
2025-09-08 18:00:00,KJ0002B,-115.29793861953459,KJ0002,False,35.833641537054675,50.97943427932216,45,26.5,120,0,0
2025-09-08 18:00:00,KJ0002C,-115.74836055198037,KJ0002,False,35.83014054632443,50.98288214908227,45,26.5,240,0,0
2025-09-08 18:00:00,KJ0003A,-115.31113138904367,KJ0003,False,35.83414095033104,50.98140239062487,45,26.5,0,0,Unavailable Ret
2025-09-08 18:00:00,KJ0003B,-115.56876929921302,KJ0003,False,35.823055594556635,50.987534598309765,45,26.5,120,0,4
2025-09-08 18:00:00,KJ0003C,-111.8188358547643,KJ0003,False,35.830610296831196,50.975199651026806,45,26.5,240,0,4
2025-09-08 19:00:00,KJ0002A,-115.00571806979744,KJ0002,False,35.816050735272576,50.97562610534619,45,26.5,0,0,Unavailable Ret
2025-09-08 19:00:00,KJ0002B,-114.153124156387,KJ0002,False,35.81813105042963,50.97006209335239,45,26.5,120,0,Unavailable Ret
2025-09-08 19:00:00,KJ0002C,-117.13629393785683,KJ0002,False,35.817112923567905,50.986505472028526,45,26.5,240,0,4
2025-09-08 19:00:00,KJ0003A,-118.20431782566676,KJ0003,False,35.814813730563415,50.98111958912546,45,26.5,0,0,0
2025-09-08 19:00:00,KJ0003B,-110.84396388090528,KJ0003,False,35.816038925802616,50.98511446687444,45,26.5,120,0,2
2025-09-08 19:00:00,KJ0003C,-116.38822033048821,KJ0003,False,35.829419849549645,50.97154710869946,45,26.5,240,0,0
2025-09-08 20:00:00,KJ0002A,-114.48501394037419,KJ0002,False,35.82684613467891,50.98047473294842,45,26.5,0,0,2
2025-09-08 20:00:00,KJ0002B,-116.72071454612069,KJ0002,False,35.83217338590653,50.97478723062617,45,26.5,120,0,Unavailable Ret
2025-09-08 20:00:00,KJ0002C,-116.56562632677455,KJ0002,False,35.82949731352984,50.97301661870989,45,26.5,240,0,2
2025-09-08 20:00:00,KJ0003A,-115.04753456502003,KJ0003,False,35.819108330627735,50.96967928146887,45,26.5,0,0,2
2025-09-08 20:00:00,KJ0003B,-113.90497895765778,KJ0003,False,35.82171961707447,50.98490023763053,45,26.5,120,0,2
2025-09-08 20:00:00,KJ0003C,-112.27615449228273,KJ0003,False,35.82540940682043,50.982407837710056,45,26.5,240,0,Unavailable Ret
2025-09-08 21:00:00,KJ0002A,-113.94412457253641,KJ0002,False,35.820736516038,50.97170938914036,45,26.5,0,0,4
2025-09-08 21:00:00,KJ0002B,-111.9276952441713,KJ0002,False,35.832208756657955,50.9762709302264,45,26.5,120,0,0
2025-09-08 21:00:00,KJ0002C,-112.52435542226098,KJ0002,False,35.83137877341878,50.97044373513624,45,26.5,240,0,4
2025-09-08 21:00:00,KJ0003A,-110.55730768927616,KJ0003,False,35.83063819501014,50.98715576478908,45,26.5,0,0,Unavailable Ret
2025-09-08 21:00:00,KJ0003B,-114.94899343297122,KJ0003,False,35.833627603391186,50.971326916828616,45,26.5,120,0,2
2025-09-08 21:00:00,KJ0003C,-111.73823698856293,KJ0003,False,35.834564990781985,50.975353696041275,45,26.5,240,0,2
2025-09-08 22:00:00,KJ0002A,-111.62804922099991,KJ0002,False,35.82642290451819,50.98755874496497,45,26.5,0,0,0
2025-09-08 22:00:00,KJ0002B,-117.56449217043937,KJ0002,False,35.832711305777025,50.971822816518795,45,26.5,120,0,Unavailable Ret
2025-09-08 22:00:00,KJ0002C,-113.67981859573152,KJ0002,False,35.81745359315508,50.97763711279428,45,26.5,240,0,Unavailable Ret
2025-09-08 22:00:00,KJ0003A,-110.81143354380517,KJ0003,False,35.815292203868175,50.971169178609635,45,26.5,0,0,2
2025-09-08 22:00:00,KJ0003B,-110.8185310357409,KJ0003,False,35.82247430731894,50.97316665555262,45,26.5,120,0,0
2025-09-08 22:00:00,KJ0003C,-112.08439498529337,KJ0003,False,35.83151745060569,50.97277775743551,45,26.5,240,0,4
2025-09-08 23:00:00,KJ0002A,-110.64241352121675,KJ0002,False,35.82187205777877,50.98483566728891,45,26.5,0,0,2
2025-09-08 23:00:00,KJ0002B,-108.87739959036548,KJ0002,False,35.819173486591865,50.98754756322614,45,26.5,120,0,2
2025-09-08 23:00:00,KJ0002C,-110.36100460261235,KJ0002,False,35.82309282136431,50.987998917198524,45,26.5,240,0,2
2025-09-08 23:00:00,KJ0003A,-108.60164371310711,KJ0003,False,35.81810256856517,50.97714249879069,45,26.5,0,0,4
2025-09-08 23:00:00,KJ0003B,-109.08823976002729,KJ0003,False,35.81850676795894,50.97003174194706,45,26.5,120,0,4
2025-09-08 23:00:00,KJ0003C,-107.4234545523158,KJ0003,False,35.83056484376605,50.97450728137782,45,26.5,240,0,4
2025-09-09 00:00:00,KJ0002A,-108.6091950508994,KJ0002,False,35.81641211453219,50.97767667409604,45,26.5,0,0,4
2025-09-09 00:00:00,KJ0002B,-112.28201701950547,KJ0002,False,35.817669217552016,50.9836858707634,45,26.5,120,0,0
2025-09-09 00:00:00,KJ0002C,-111.0764723719823,KJ0002,False,35.82276586881858,50.979074148942296,45,26.5,240,0,4
2025-09-09 00:00:00,KJ0003A,-110.27170943277649,KJ0003,False,35.8324812945674,50.97425239989387,45,26.5,0,0,2
2025-09-09 00:00:00,KJ0003B,-109.9623619005188,KJ0003,False,35.81605082833913,50.97026311357756,45,26.5,120,0,4
2025-09-09 00:00:00,KJ0003C,-112.34330869463513,KJ0003,False,35.82521898808331,50.9887316397807,45,26.5,240,0,0
2025-09-09 01:00:00,KJ0002A,-107.61198258356082,KJ0002,False,35.815783896968,50.97080015369561,45,26.5,0,0,2
2025-09-09 01:00:00,KJ0002B,-108.56821331191969,KJ0002,False,35.83125678222913,50.98689527575929,45,26.5,120,0,0
2025-09-09 01:00:00,KJ0002C,-109.52955151241471,KJ0002,False,35.83372941779691,50.98568330753301,45,26.5,240,0,Unavailable Ret
2025-09-09 01:00:00,KJ0003A,-108.44204884094349,KJ0003,False,35.82384131173211,50.987578557274624,45,26.5,0,0,0
2025-09-09 01:00:00,KJ0003B,-111.98111460940073,KJ0003,False,35.821972794330584,50.988630106667685,45,26.5,120,0,4
2025-09-09 01:00:00,KJ0003C,-108.46670424915318,KJ0003,False,35.82938572444513,50.969779459821964,45,26.5,240,0,2
2025-09-09 02:00:00,KJ0002A,-105.5443689006276,KJ0002,False,35.81634516123778,50.968923748872555,45,26.5,0,0,0
2025-09-09 02:00:00,KJ0002B,-111.71129388368065,KJ0002,False,35.81591831776885,50.97546292978328,45,26.5,120,0,Unavailable Ret
2025-09-09 02:00:00,KJ0002C,-112.78179535868742,KJ0002,False,35.815290100896895,50.975547432124344,45,26.5,240,0,2
2025-09-09 02:00:00,KJ0003A,-108.14687573508921,KJ0003,False,35.83458079974091,50.96966856177639,45,26.5,0,0,2
2025-09-09 02:00:00,KJ0003B,-104.4396096022733,KJ0003,False,35.82111727486532,50.97670294258988,45,26.5,120,0,0
2025-09-09 02:00:00,KJ0003C,-106.17014567539651,KJ0003,False,35.81820008183732,50.96985949754045,45,26.5,240,0,2
2025-09-09 03:00:00,KJ0002A,-105.22297098350842,KJ0002,False,35.82574857751971,50.97834179745733,45,26.5,0,0,4
2025-09-09 03:00:00,KJ0002B,-104.38408896448176,KJ0002,False,35.830442651161064,50.977581030436845,45,26.5,120,0,4
2025-09-09 03:00:00,KJ0002C,-104.10318426916297,KJ0002,False,35.834660292403235,50.97365341029514,45,26.5,240,0,2
2025-09-09 03:00:00,KJ0003A,-107.71909298596987,KJ0003,False,35.83404231614092,50.98344486668716,45,26.5,0,0,Unavailable Ret
2025-09-09 03:00:00,KJ0003B,-109.51905747492287,KJ0003,False,35.83437441337053,50.97245783802757,45,26.5,120,0,2
2025-09-09 03:00:00,KJ0003C,-109.86873489401667,KJ0003,False,35.81870546995374,50.985049364344306,45,26.5,240,0,Unavailable Ret
2025-09-09 04:00:00,KJ0002A,-102.24579241304201,KJ0002,False,35.831462235466525,50.984923311299674,45,26.5,0,0,0
2025-09-09 04:00:00,KJ0002B,-109.16514600073432,KJ0002,False,35.81843451122099,50.987983939270386,45,26.5,120,0,4
2025-09-09 04:00:00,KJ0002C,-106.17024864749213,KJ0002,False,35.82578176830109,50.97689478969493,45,26.5,240,0,4
2025-09-09 04:00:00,KJ0003A,-107.80979329426296,KJ0003,False,35.826181045112094,50.97002354143727,45,26.5,0,0,Unavailable Ret
2025-09-09 04:00:00,KJ0003B,-107.60120258812422,KJ0003,False,35.817470195978146,50.972014735267486,45,26.5,120,0,4
2025-09-09 04:00:00,KJ0003C,-102.41154025127591,KJ0003,False,35.82624578631872,50.97752104352162,45,26.5,240,0,0
2025-09-09 05:00:00,KJ0002A,-102.43417390502702,KJ0002,False,35.82448605079721,50.97720779066756,45,26.5,0,0,2
2025-09-09 05:00:00,KJ0002B,-107.5078529255409,KJ0002,False,35.833583296265864,50.975837087683615,45,26.5,120,0,4
2025-09-09 05:00:00,KJ0002C,-105.37723331713522,KJ0002,False,35.82587943552419,50.98024573877463,45,26.5,240,0,2
2025-09-09 05:00:00,KJ0003A,-107.64847627360794,KJ0003,False,35.81619307135437,50.985389974832714,45,26.5,0,0,4
2025-09-09 05:00:00,KJ0003B,-102.76102198856725,KJ0003,False,35.826087858421104,50.97406324865022,45,26.5,120,0,0
2025-09-09 05:00:00,KJ0003C,-106.41856829320608,KJ0003,False,35.829704734556586,50.97708806120936,45,26.5,240,0,0
2025-09-09 06:00:00,KJ0002A,-103.62586840828217,KJ0002,False,35.82457355350621,50.97150364251335,45,26.5,0,0,0
2025-09-09 06:00:00,KJ0002B,-102.0669182814428,KJ0002,False,35.83304919168399,50.97005857443441,45,26.5,120,0,Unavailable Ret
2025-09-09 06:00:00,KJ0002C,-108.69481676905583,KJ0002,False,35.814939287155795,50.97876478443801,45,26.5,240,0,0
2025-09-09 06:00:00,KJ0003A,-104.76088615080303,KJ0003,False,35.819661565321475,50.97066617605089,45,26.5,0,0,4
2025-09-09 06:00:00,KJ0003B,-103.71891412985045,KJ0003,False,35.81829818534223,50.97827298981501,45,26.5,120,0,Unavailable Ret
2025-09-09 06:00:00,KJ0003C,-104.75384359668763,KJ0003,False,35.81542861762787,50.983128282029405,45,26.5,240,0,Unavailable Ret
2025-09-09 07:00:00,KJ0002A,-104.01153290275671,KJ0002,False,35.83274149316938,50.97276588604622,45,26.5,0,0,0
2025-09-09 07:00:00,KJ0002B,-110.19204087135756,KJ0002,False,35.82470042250241,50.971273906134535,45,26.5,120,0,2
2025-09-09 07:00:00,KJ0002C,-104.72169155499849,KJ0002,False,35.831013221799196,50.977433467267105,45,26.5,240,0,Unavailable Ret
2025-09-09 07:00:00,KJ0003A,-103.36233575903202,KJ0003,False,35.8207249512519,50.973954874030966,45,26.5,0,0,2
2025-09-09 07:00:00,KJ0003B,-106.31475900914154,KJ0003,False,35.81878289153795,50.97377714055191,45,26.5,120,0,2
2025-09-09 07:00:00,KJ0003C,-106.7503964727168,KJ0003,False,35.82352990361141,50.98072098931134,45,26.5,240,0,0
2025-09-09 08:00:00,KJ0002A,-101.82913797678928,KJ0002,False,35.816441498512226,50.97059576474116,45,26.5,0,0,2
2025-09-09 08:00:00,KJ0002B,-108.11566302018893,KJ0002,False,35.83026341976256,50.983137990681826,45,26.5,120,0,2
2025-09-09 08:00:00,KJ0002C,-107.10788631644061,KJ0002,False,35.83104732248021,50.969117242718255,45,26.5,240,0,4
2025-09-09 08:00:00,KJ0003A,-108.79605197739863,KJ0003,False,35.83207959789826,50.97501604550699,45,26.5,0,0,2
2025-09-09 08:00:00,KJ0003B,-101.06259547686822,KJ0003,False,35.828070544074464,50.98242133208991,45,26.5,120,0,0
2025-09-09 08:00:00,KJ0003C,-108.62876142735725,KJ0003,False,35.81518890806748,50.98355835907104,45,26.5,240,0,0
2025-09-09 09:00:00,KJ0002A,-105.16547136434879,KJ0002,False,35.815794418290814,50.97346161705749,45,26.5,0,0,0
2025-09-09 09:00:00,KJ0002B,-107.19230488104654,KJ0002,False,35.81756259468796,50.9688585883374,45,26.5,120,0,0
2025-09-09 09:00:00,KJ0002C,-102.36484190249541,KJ0002,False,35.8195913276815,50.98400080842022,45,26.5,240,0,Unavailable Ret
2025-09-09 09:00:00,KJ0003A,-106.46310045615229,KJ0003,False,35.82505429415354,50.982449589250486,45,26.5,0,0,Unavailable Ret
2025-09-09 09:00:00,KJ0003B,-105.34506514924442,KJ0003,False,35.82087771087258,50.98447781825993,45,26.5,120,0,4
2025-09-09 09:00:00,KJ0003C,-106.08938852523934,KJ0003,False,35.81783742342527,50.97187772344673,45,26.5,240,0,Unavailable Ret
2025-09-09 10:00:00,KJ0002A,-78.2829114075594,KJ0002,True,35.82939619600954,50.980341211469174,45,26.5,0,0,2
2025-09-09 10:00:00,KJ0002B,-77.73888740655363,KJ0002,True,35.82214922814014,50.97178454148821,45,26.5,120,0,4
2025-09-09 10:00:00,KJ0002C,-104.91947774190787,KJ0002,False,35.81945449381803,50.976946507212936,45,26.5,240,0,4
2025-09-09 10:00:00,KJ0003A,-105.9717894073438,KJ0003,False,35.82527814370135,50.98727026783815,45,26.5,0,0,Unavailable Ret
2025-09-09 10:00:00,KJ0003B,-107.97193997442194,KJ0003,False,35.829835578487476,50.98677990578729,45,26.5,120,0,4
2025-09-09 10:00:00,KJ0003C,-106.01162857936993,KJ0003,False,35.81767322715622,50.98199432294552,45,26.5,240,0,Unavailable Ret
2025-09-09 11:00:00,KJ0002A,-84.3756867272222,KJ0002,True,35.8245334730821,50.97102027231281,45,26.5,0,0,Unavailable Ret
2025-09-09 11:00:00,KJ0002B,-84.17594028138052,KJ0002,True,35.82680935716522,50.97855293730668,45,26.5,120,0,0
2025-09-09 11:00:00,KJ0002C,-107.14015730459025,KJ0002,False,35.831954618747396,50.98413301900769,45,26.5,240,0,0
2025-09-09 11:00:00,KJ0003A,-109.5681559136376,KJ0003,False,35.83304637257372,50.97079015384928,45,26.5,0,0,2
2025-09-09 11:00:00,KJ0003B,-110.97469753990038,KJ0003,False,35.82482158634862,50.98175450086702,45,26.5,120,0,2
2025-09-09 11:00:00,KJ0003C,-106.24635632544351,KJ0003,False,35.81968142251729,50.974960943324575,45,26.5,240,0,Unavailable Ret
2025-09-09 12:00:00,KJ0002A,-83.62699967284429,KJ0002,True,35.83385773504797,50.97541645235697,45,26.5,0,0,Unavailable Ret
2025-09-09 12:00:00,KJ0002B,-82.64377148808352,KJ0002,True,35.833681482880706,50.98626503254797,45,26.5,120,0,Unavailable Ret
2025-09-09 12:00:00,KJ0002C,-108.36626406093548,KJ0002,False,35.817443738068725,50.98294081812707,45,26.5,240,0,4
2025-09-09 12:00:00,KJ0003A,-110.85253711335285,KJ0003,False,35.816449314692875,50.981776744578525,45,26.5,0,0,4
2025-09-09 12:00:00,KJ0003B,-110.12937721006503,KJ0003,False,35.81588269583042,50.98318929981224,45,26.5,120,0,4
2025-09-09 12:00:00,KJ0003C,-109.85425180396896,KJ0003,False,35.81916425025956,50.97060304316273,45,26.5,240,0,4
2025-09-09 13:00:00,KJ0002A,-79.51090368359928,KJ0002,True,35.818593915847806,50.983247679971726,45,26.5,0,0,0
2025-09-09 13:00:00,KJ0002B,-81.92125874725633,KJ0002,True,35.82435400158836,50.98470126056741,45,26.5,120,0,Unavailable Ret
2025-09-09 13:00:00,KJ0002C,-110.2273767361017,KJ0002,False,35.81691802754793,50.98561707723808,45,26.5,240,0,4
2025-09-09 13:00:00,KJ0003A,-109.61515821647579,KJ0003,False,35.828922707927376,50.98728383856103,45,26.5,0,0,4
2025-09-09 13:00:00,KJ0003B,-110.57126417796864,KJ0003,False,35.81706180933058,50.976995560688124,45,26.5,120,0,2
2025-09-09 13:00:00,KJ0003C,-110.07763743489798,KJ0003,False,35.82133215705025,50.97025831918976,45,26.5,240,0,4
2025-09-09 14:00:00,KJ0002A,-82.29440743512009,KJ0002,True,35.81978583577478,50.98768116438977,45,26.5,0,0,0
2025-09-09 14:00:00,KJ0002B,-83.67712052348962,KJ0002,True,35.8343617992069,50.9804925729208,45,26.5,120,0,Unavailable Ret
2025-09-09 14:00:00,KJ0002C,-112.4522098060274,KJ0002,False,35.83432557637098,50.976222723876184,45,26.5,240,0,Unavailable Ret
2025-09-09 14:00:00,KJ0003A,-113.02834201983067,KJ0003,False,35.82536127297999,50.9722719273413,45,26.5,0,0,2
2025-09-09 14:00:00,KJ0003B,-110.47472518071186,KJ0003,False,35.82492041583447,50.97899515676377,45,26.5,120,0,2
2025-09-09 14:00:00,KJ0003C,-112.81630768874464,KJ0003,False,35.81607259818416,50.97677510112911,45,26.5,240,0,2
2025-09-09 15:00:00,KJ0002A,-113.10588089369953,KJ0002,False,35.82671732740314,50.97714291307985,45,26.5,0,0,0
2025-09-09 15:00:00,KJ0002B,-114.65909889559276,KJ0002,False,35.82302418490783,50.98519246756609,45,26.5,120,0,0
2025-09-09 15:00:00,KJ0002C,-112.54178672491754,KJ0002,False,35.82318939547559,50.97800057233167,45,26.5,240,0,2
2025-09-09 15:00:00,KJ0003A,-111.39599099596504,KJ0003,False,35.81573126127364,50.9874564814998,45,26.5,0,0,4
2025-09-09 15:00:00,KJ0003B,-111.7423565974607,KJ0003,False,35.834724689041025,50.97754524559313,45,26.5,120,0,Unavailable Ret
2025-09-09 15:00:00,KJ0003C,-116.88003345506738,KJ0003,False,35.81484287514225,50.97636829925041,45,26.5,240,0,0
2025-09-09 16:00:00,KJ0002A,-115.07129254372376,KJ0002,False,35.81920269857189,50.968844540764366,45,26.5,0,0,Unavailable Ret
2025-09-09 16:00:00,KJ0002B,-117.02622124280254,KJ0002,False,35.82506958699642,50.97446785964344,45,26.5,120,0,2
2025-09-09 16:00:00,KJ0002C,-114.0312880719038,KJ0002,False,35.83338615921376,50.97745071641826,45,26.5,240,0,Unavailable Ret
2025-09-09 16:00:00,KJ0003A,-114.9069114195228,KJ0003,False,35.8209640562678,50.973683493006945,45,26.5,0,0,4
2025-09-09 16:00:00,KJ0003B,-111.47241160329506,KJ0003,False,35.829184362265245,50.97105207197746,45,26.5,120,0,Unavailable Ret
2025-09-09 16:00:00,KJ0003C,-117.27839128300641,KJ0003,False,35.83316681766187,50.97100057914983,45,26.5,240,0,2
2025-09-09 17:00:00,KJ0002A,-115.04260489780644,KJ0002,False,35.830858035689026,50.975664888995155,45,26.5,0,0,0
2025-09-09 17:00:00,KJ0002B,-115.73721410177352,KJ0002,False,35.828540278860864,50.985141442013514,45,26.5,120,0,0
2025-09-09 17:00:00,KJ0002C,-114.274912207516,KJ0002,False,35.82447464151751,50.988577918907765,45,26.5,240,0,Unavailable Ret
2025-09-09 17:00:00,KJ0003A,-114.87418708981276,KJ0003,False,35.82039890614638,50.984490002887604,45,26.5,0,0,Unavailable Ret
2025-09-09 17:00:00,KJ0003B,-114.25280683401323,KJ0003,False,35.82172159171741,50.9689796452376,45,26.5,120,0,Unavailable Ret
2025-09-09 17:00:00,KJ0003C,-115.9550131803258,KJ0003,False,35.83389084530156,50.971277590035626,45,26.5,240,0,2
2025-09-09 18:00:00,KJ0002A,-112.99635029263612,KJ0002,False,35.8148219587767,50.97499638300052,45,26.5,0,0,0
2025-09-09 18:00:00,KJ0002B,-115.99514167677042,KJ0002,False,35.817550418200724,50.97959169251385,45,26.5,120,0,4
2025-09-09 18:00:00,KJ0002C,-114.52922347890397,KJ0002,False,35.82063722145676,50.97718789564658,45,26.5,240,0,2
2025-09-09 18:00:00,KJ0003A,-117.6515875427085,KJ0003,False,35.82358295000492,50.98838992516418,45,26.5,0,0,2
2025-09-09 18:00:00,KJ0003B,-119.15117601815706,KJ0003,False,35.816946014080045,50.98790805758764,45,26.5,120,0,Unavailable Ret
2025-09-09 18:00:00,KJ0003C,-115.17213938558179,KJ0003,False,35.82898798225546,50.988715679507564,45,26.5,240,0,2
2025-09-09 19:00:00,KJ0002A,-116.67079491945711,KJ0002,False,35.83047322861847,50.97128995723932,45,26.5,0,0,Unavailable Ret
2025-09-09 19:00:00,KJ0002B,-115.81460991311268,KJ0002,False,35.820482158468344,50.975365643031374,45,26.5,120,0,2
2025-09-09 19:00:00,KJ0002C,-114.46750364590318,KJ0002,False,35.81636713039217,50.98794896382876,45,26.5,240,0,4
2025-09-09 19:00:00,KJ0003A,-112.22307305681322,KJ0003,False,35.82956760830337,50.97162004410398,45,26.5,0,0,4
2025-09-09 19:00:00,KJ0003B,-111.68989625892542,KJ0003,False,35.83350591034986,50.98702404272413,45,26.5,120,0,0
2025-09-09 19:00:00,KJ0003C,-114.69235503458991,KJ0003,False,35.83086962602618,50.98845587610829,45,26.5,240,0,0
2025-09-09 20:00:00,KJ0002A,-116.3168444180861,KJ0002,False,35.82235107862003,50.976706413407705,45,26.5,0,0,2
2025-09-09 20:00:00,KJ0002B,-116.36188467290215,KJ0002,False,35.82371905859468,50.980684427986624,45,26.5,120,0,2
2025-09-09 20:00:00,KJ0002C,-115.35493744817043,KJ0002,False,35.824876902612125,50.98476881123047,45,26.5,240,0,Unavailable Ret
2025-09-09 20:00:00,KJ0003A,-116.12610230201098,KJ0003,False,35.82303408134424,50.98210725068029,45,26.5,0,0,4
2025-09-09 20:00:00,KJ0003B,-116.0431234937406,KJ0003,False,35.822357263535935,50.9771103306058,45,26.5,120,0,4
2025-09-09 20:00:00,KJ0003C,-114.13478626542553,KJ0003,False,35.83382637319833,50.973037952591724,45,26.5,240,0,4
2025-09-09 21:00:00,KJ0002A,-113.80384519011727,KJ0002,False,35.815672002178964,50.972421898786564,45,26.5,0,0,Unavailable Ret
2025-09-09 21:00:00,KJ0002B,-112.71131558389216,KJ0002,False,35.81712646164473,50.9829591247316,45,26.5,120,0,2
2025-09-09 21:00:00,KJ0002C,-114.335332030195,KJ0002,False,35.83443515154782,50.97647232998218,45,26.5,240,0,2
2025-09-09 21:00:00,KJ0003A,-112.99694440077127,KJ0003,False,35.82437317847111,50.984199399561234,45,26.5,0,0,4
2025-09-09 21:00:00,KJ0003B,-114.29634842075443,KJ0003,False,35.83357128279136,50.987192945558085,45,26.5,120,0,4
2025-09-09 21:00:00,KJ0003C,-114.19749025315996,KJ0003,False,35.83132881838224,50.98277122804288,45,26.5,240,0,4
2025-09-09 22:00:00,KJ0002A,-112.90504845412966,KJ0002,False,35.821084062495146,50.98155290643905,45,26.5,0,0,4
2025-09-09 22:00:00,KJ0002B,-113.55659409332596,KJ0002,False,35.82719336088486,50.985336138959596,45,26.5,120,0,2
2025-09-09 22:00:00,KJ0002C,-113.38618974791214,KJ0002,False,35.81745537430197,50.97277376394626,45,26.5,240,0,4
2025-09-09 22:00:00,KJ0003A,-110.13647720867701,KJ0003,False,35.82796530766545,50.98012790760678,45,26.5,0,0,Unavailable Ret
2025-09-09 22:00:00,KJ0003B,-109.28243828853125,KJ0003,False,35.822060039690626,50.985319953037596,45,26.5,120,0,0
2025-09-09 22:00:00,KJ0003C,-110.84354061963076,KJ0003,False,35.81867320016817,50.97826616549148,45,26.5,240,0,2
2025-09-09 23:00:00,KJ0002A,-111.94997906604732,KJ0002,False,35.82848740249818,50.969346972085276,45,26.5,0,0,4
2025-09-09 23:00:00,KJ0002B,-109.69193329793623,KJ0002,False,35.826325717255486,50.98591309097882,45,26.5,120,0,0
2025-09-09 23:00:00,KJ0002C,-114.08567362989757,KJ0002,False,35.822546144841034,50.970451616245725,45,26.5,240,0,Unavailable Ret
2025-09-09 23:00:00,KJ0003A,-110.1113967419958,KJ0003,False,35.81895114166766,50.979719462225695,45,26.5,0,0,Unavailable Ret
2025-09-09 23:00:00,KJ0003B,-113.41668228893558,KJ0003,False,35.820963581789556,50.987361191196364,45,26.5,120,0,0
2025-09-09 23:00:00,KJ0003C,-111.38502517777061,KJ0003,False,35.82621818982807,50.98047128408876,45,26.5,240,0,2
2025-09-10 00:00:00,KJ0002A,-109.36095065843409,KJ0002,False,35.83249957455193,50.97991986511006,45,26.5,0,0,0
2025-09-10 00:00:00,KJ0002B,-106.69276546301543,KJ0002,False,35.83234227654032,50.98341739608976,45,26.5,120,0,Unavailable Ret
2025-09-10 00:00:00,KJ0002C,-110.49248424389744,KJ0002,False,35.82225164509926,50.984036473168565,45,26.5,240,0,4
2025-09-10 00:00:00,KJ0003A,-108.80859549964897,KJ0003,False,35.814886742910154,50.978880163954784,45,26.5,0,0,Unavailable Ret
2025-09-10 00:00:00,KJ0003B,-108.0999683426607,KJ0003,False,35.81580211816699,50.97398125384378,45,26.5,120,0,4
2025-09-10 00:00:00,KJ0003C,-109.5139905558912,KJ0003,False,35.81914158371254,50.986292517709714,45,26.5,240,0,2
2025-09-10 01:00:00,KJ0002A,-108.99213624841495,KJ0002,False,35.821652652002236,50.98807101464275,45,26.5,0,0,2
2025-09-10 01:00:00,KJ0002B,-107.13184310074416,KJ0002,False,35.83139770300285,50.9726467395019,45,26.5,120,0,0
2025-09-10 01:00:00,KJ0002C,-108.41980723472949,KJ0002,False,35.830053491743634,50.98507613436701,45,26.5,240,0,4
2025-09-10 01:00:00,KJ0003A,-107.00668079745496,KJ0003,False,35.82931222319866,50.9847660132683,45,26.5,0,0,2
2025-09-10 01:00:00,KJ0003B,-106.31861504334094,KJ0003,False,35.83362984645149,50.981304207461356,45,26.5,120,0,2
2025-09-10 01:00:00,KJ0003C,-109.8165208852595,KJ0003,False,35.82570190897422,50.969661363455806,45,26.5,240,0,2
2025-09-10 02:00:00,KJ0002A,-108.61223749352156,KJ0002,False,35.822847525424734,50.98231512459568,45,26.5,0,0,2
2025-09-10 02:00:00,KJ0002B,-107.76012058710724,KJ0002,False,35.82647843038037,50.97812407897904,45,26.5,120,0,2
2025-09-10 02:00:00,KJ0002C,-109.77093339162035,KJ0002,False,35.8297973887329,50.97975391937626,45,26.5,240,0,2
2025-09-10 02:00:00,KJ0003A,-106.52418910985163,KJ0003,False,35.826738679092514,50.97853379033872,45,26.5,0,0,0
2025-09-10 02:00:00,KJ0003B,-110.4980319209168,KJ0003,False,35.8341554238074,50.98314250039633,45,26.5,120,0,4
2025-09-10 02:00:00,KJ0003C,-107.68368952866992,KJ0003,False,35.82707303822206,50.984952044375405,45,26.5,240,0,0
2025-09-10 03:00:00,KJ0002A,-106.3449304193207,KJ0002,False,35.828955578238116,50.97388345754991,45,26.5,0,0,2
2025-09-10 03:00:00,KJ0002B,-104.56542025814524,KJ0002,False,35.82814463059715,50.9790594148609,45,26.5,120,0,Unavailable Ret
2025-09-10 03:00:00,KJ0002C,-104.54385650150432,KJ0002,False,35.82582320918473,50.97190289000168,45,26.5,240,0,4
2025-09-10 03:00:00,KJ0003A,-105.53949884593355,KJ0003,False,35.83358429270748,50.97868724607039,45,26.5,0,0,Unavailable Ret
2025-09-10 03:00:00,KJ0003B,-110.18536209391587,KJ0003,False,35.82777929113801,50.97020881418485,45,26.5,120,0,Unavailable Ret
2025-09-10 03:00:00,KJ0003C,-104.7359788645988,KJ0003,False,35.81837832193127,50.97100310029146,45,26.5,240,0,Unavailable Ret
2025-09-10 04:00:00,KJ0002A,-104.91156674362556,KJ0002,False,35.82268271040555,50.9783087131875,45,26.5,0,0,Unavailable Ret
2025-09-10 04:00:00,KJ0002B,-103.20942862977623,KJ0002,False,35.826488385785225,50.9729798720249,45,26.5,120,0,0
2025-09-10 04:00:00,KJ0002C,-105.4759326275561,KJ0002,False,35.83176095266109,50.97247635305674,45,26.5,240,0,Unavailable Ret
2025-09-10 04:00:00,KJ0003A,-105.95844886635128,KJ0003,False,35.83136350389562,50.98363735653201,45,26.5,0,0,0
2025-09-10 04:00:00,KJ0003B,-101.30167951431689,KJ0003,False,35.81873973933912,50.97307491724105,45,26.5,120,0,0
2025-09-10 04:00:00,KJ0003C,-104.52885856436878,KJ0003,False,35.829770321533985,50.98557061781521,45,26.5,240,0,2
2025-09-10 05:00:00,KJ0002A,-104.34930683973616,KJ0002,False,35.82351792646799,50.98790240228788,45,26.5,0,0,2
2025-09-10 05:00:00,KJ0002B,-103.40980071058709,KJ0002,False,35.82873384900602,50.972697411373794,45,26.5,120,0,4
2025-09-10 05:00:00,KJ0002C,-106.38682388344418,KJ0002,False,35.82086550256544,50.97948941815768,45,26.5,240,0,Unavailable Ret
2025-09-10 05:00:00,KJ0003A,-104.44413961306562,KJ0003,False,35.81595620620021,50.97233179702494,45,26.5,0,0,2
2025-09-10 05:00:00,KJ0003B,-102.25432031742601,KJ0003,False,35.83420637729267,50.98339262275399,45,26.5,120,0,2
2025-09-10 05:00:00,KJ0003C,-108.16276917670666,KJ0003,False,35.8172382981101,50.983262647147136,45,26.5,240,0,2
2025-09-10 06:00:00,KJ0002A,-103.86379358974271,KJ0002,False,35.827277591319195,50.98088938340914,45,26.5,0,0,0
2025-09-10 06:00:00,KJ0002B,-107.09931099781988,KJ0002,False,35.82296779217015,50.97443272636986,45,26.5,120,0,Unavailable Ret
2025-09-10 06:00:00,KJ0002C,-107.82458863985971,KJ0002,False,35.83091348794721,50.972555539093975,45,26.5,240,0,0
2025-09-10 06:00:00,KJ0003A,-104.8196347250062,KJ0003,False,35.82252107128802,50.97897371581708,45,26.5,0,0,Unavailable Ret
2025-09-10 06:00:00,KJ0003B,-108.37836607593452,KJ0003,False,35.82597342367781,50.975780046708245,45,26.5,120,0,4
2025-09-10 06:00:00,KJ0003C,-105.94252748140504,KJ0003,False,35.83267809458176,50.97659668539142,45,26.5,240,0,0
2025-09-10 07:00:00,KJ0002A,-102.80391652112897,KJ0002,False,35.81554425886966,50.978335380120875,45,26.5,0,0,Unavailable Ret
2025-09-10 07:00:00,KJ0002B,-106.88799632439603,KJ0002,False,35.83185424782403,50.969658678887484,45,26.5,120,0,2
2025-09-10 07:00:00,KJ0002C,-101.88361455694559,KJ0002,False,35.824510359750484,50.97054806060325,45,26.5,240,0,Unavailable Ret
2025-09-10 07:00:00,KJ0003A,-104.44907508568306,KJ0003,False,35.82155533792108,50.9724319956288,45,26.5,0,0,0
2025-09-10 07:00:00,KJ0003B,-105.37031042818846,KJ0003,False,35.823392989839164,50.97033791684004,45,26.5,120,0,0
2025-09-10 07:00:00,KJ0003C,-108.36164439033402,KJ0003,False,35.82394635609112,50.98575334698197,45,26.5,240,0,2
2025-09-10 08:00:00,KJ0002A,-105.62461127572406,KJ0002,False,35.83018494262725,50.97007893037158,45,26.5,0,0,2
2025-09-10 08:00:00,KJ0002B,-108.48099908879037,KJ0002,False,35.82413506563056,50.98467871245927,45,26.5,120,0,0
2025-09-10 08:00:00,KJ0002C,-103.31478353153862,KJ0002,False,35.82005816752979,50.97727425235052,45,26.5,240,0,2
2025-09-10 08:00:00,KJ0003A,-106.09503023705494,KJ0003,False,35.827144254152934,50.98605597873831,45,26.5,0,0,0
2025-09-10 08:00:00,KJ0003B,-109.37355844422711,KJ0003,False,35.821120663613264,50.97097247237873,45,26.5,120,0,Unavailable Ret
2025-09-10 08:00:00,KJ0003C,-104.10269365148059,KJ0003,False,35.81943715284519,50.97692483284214,45,26.5,240,0,0
2025-09-10 09:00:00,KJ0002A,-105.90340141295674,KJ0002,False,35.82882731394488,50.97454411605361,45,26.5,0,0,4
2025-09-10 09:00:00,KJ0002B,-104.43227905077333,KJ0002,False,35.82851349026556,50.974640880563555,45,26.5,120,0,2
2025-09-10 09:00:00,KJ0002C,-108.08322773623277,KJ0002,False,35.82117079223389,50.98733283582257,45,26.5,240,0,0
2025-09-10 09:00:00,KJ0003A,-104.55105972129594,KJ0003,False,35.817075992087965,50.97227825115454,45,26.5,0,0,Unavailable Ret
2025-09-10 09:00:00,KJ0003B,-104.61073232256335,KJ0003,False,35.81980488358459,50.975705509781285,45,26.5,120,0,2
2025-09-10 09:00:00,KJ0003C,-102.05600815547598,KJ0003,False,35.82511610375989,50.970887341691665,45,26.5,240,0,4
2025-09-10 10:00:00,KJ0002A,-107.70868558597378,KJ0002,False,35.82687426124199,50.97043430146375,45,26.5,0,0,0
2025-09-10 10:00:00,KJ0002B,-106.71338589998935,KJ0002,False,35.82269180305549,50.985859037988135,45,26.5,120,0,Unavailable Ret
2025-09-10 10:00:00,KJ0002C,-107.05838298422381,KJ0002,False,35.830136944262094,50.97696833073148,45,26.5,240,0,0
2025-09-10 10:00:00,KJ0003A,-109.52044480422371,KJ0003,False,35.82555680993686,50.972679108779914,45,26.5,0,0,Unavailable Ret
2025-09-10 10:00:00,KJ0003B,-109.40182145937446,KJ0003,False,35.821003834222104,50.97287589896505,45,26.5,120,0,4
2025-09-10 10:00:00,KJ0003C,-106.86295799040225,KJ0003,False,35.828205089024365,50.97688746101445,45,26.5,240,0,4
2025-09-10 11:00:00,KJ0002A,-110.53446739608067,KJ0002,False,35.82993902175978,50.97832315891758,45,26.5,0,0,4
2025-09-10 11:00:00,KJ0002B,-109.85779439733486,KJ0002,False,35.828725899338814,50.98772417676692,45,26.5,120,0,4
2025-09-10 11:00:00,KJ0002C,-109.43213809679852,KJ0002,False,35.81776916668219,50.988533089551815,45,26.5,240,0,Unavailable Ret
2025-09-10 11:00:00,KJ0003A,-112.72081849597741,KJ0003,False,35.81893011357104,50.98788191303306,45,26.5,0,0,2
2025-09-10 11:00:00,KJ0003B,-109.52066750925101,KJ0003,False,35.826118318795054,50.969260183139724,45,26.5,120,0,0
2025-09-10 11:00:00,KJ0003C,-105.7631176777898,KJ0003,False,35.81498554423896,50.976482658176515,45,26.5,240,0,Unavailable Ret
2025-09-10 12:00:00,KJ0002A,-108.28083025531289,KJ0002,False,35.82256945508796,50.98543131662856,45,26.5,0,0,0
2025-09-10 12:00:00,KJ0002B,-109.84039703188253,KJ0002,False,35.83434931092253,50.97257862858883,45,26.5,120,0,4
2025-09-10 12:00:00,KJ0002C,-109.6659259985473,KJ0002,False,35.82207807863999,50.98760362345049,45,26.5,240,0,Unavailable Ret
2025-09-10 12:00:00,KJ0003A,-109.16520973853217,KJ0003,False,35.82738004340472,50.97314311243248,45,26.5,0,0,0
2025-09-10 12:00:00,KJ0003B,-108.80901820472148,KJ0003,False,35.82958092106794,50.97011589112507,45,26.5,120,0,4
2025-09-10 12:00:00,KJ0003C,-111.17978951292578,KJ0003,False,35.81965514315169,50.9729097598911,45,26.5,240,0,2
2025-09-10 13:00:00,KJ0002A,-108.86977784841194,KJ0002,False,35.82350061926609,50.986230673436296,45,26.5,0,0,2
2025-09-10 13:00:00,KJ0002B,-112.2803849370209,KJ0002,False,35.8296273853677,50.979691466539315,45,26.5,120,0,0
2025-09-10 13:00:00,KJ0002C,-109.00203493722847,KJ0002,False,35.82268510283131,50.98100422753533,45,26.5,240,0,0
2025-09-10 13:00:00,KJ0003A,-112.84883819520442,KJ0003,False,35.81966088553166,50.97467386901443,45,26.5,0,0,Unavailable Ret
2025-09-10 13:00:00,KJ0003B,-111.58459781402259,KJ0003,False,35.82429617329737,50.97220040104385,45,26.5,120,0,2
2025-09-10 13:00:00,KJ0003C,-111.93521439056498,KJ0003,False,35.817174767849444,50.987918904249874,45,26.5,240,0,Unavailable Ret
2025-09-10 14:00:00,KJ0002A,-110.5844167710542,KJ0002,False,35.81784485825906,50.98079616026803,45,26.5,0,0,2
2025-09-10 14:00:00,KJ0002B,-112.08479329719874,KJ0002,False,35.83072320461323,50.97038965947585,45,26.5,120,0,4
2025-09-10 14:00:00,KJ0002C,-112.22772451973742,KJ0002,False,35.81495706089109,50.98267440228269,45,26.5,240,0,4
2025-09-10 14:00:00,KJ0003A,-117.7413419193621,KJ0003,False,35.83075788715816,50.978998973838124,45,26.5,0,0,4
2025-09-10 14:00:00,KJ0003B,-112.61184089704443,KJ0003,False,35.82484890810264,50.98703860316319,45,26.5,120,0,Unavailable Ret
2025-09-10 14:00:00,KJ0003C,-111.82408494353577,KJ0003,False,35.8220043972382,50.979563107725056,45,26.5,240,0,0
2025-09-10 15:00:00,KJ0002A,-113.79700803935921,KJ0002,False,35.824312167298636,50.976561018713035,45,26.5,0,0,Unavailable Ret
2025-09-10 15:00:00,KJ0002B,-111.3256500614708,KJ0002,False,35.82994855318683,50.982622421809914,45,26.5,120,0,2
2025-09-10 15:00:00,KJ0002C,-113.65634136432655,KJ0002,False,35.81618507812845,50.979834345103264,45,26.5,240,0,Unavailable Ret
2025-09-10 15:00:00,KJ0003A,-111.27997340466494,KJ0003,False,35.829347538122796,50.98632027342617,45,26.5,0,0,2
2025-09-10 15:00:00,KJ0003B,-113.08935145581295,KJ0003,False,35.815902206064266,50.988276906026506,45,26.5,120,0,0
2025-09-10 15:00:00,KJ0003C,-111.01055411617884,KJ0003,False,35.8228439378552,50.97889500383219,45,26.5,240,0,0
2025-09-10 16:00:00,KJ0002A,-115.19567478609898,KJ0002,False,35.818663527929736,50.97142142493862,45,26.5,0,0,Unavailable Ret
2025-09-10 16:00:00,KJ0002B,-112.74249008463457,KJ0002,False,35.829117620343574,50.98830521766061,45,26.5,120,0,Unavailable Ret
2025-09-10 16:00:00,KJ0002C,-115.52485654999717,KJ0002,False,35.82146458953021,50.987638487457716,45,26.5,240,0,0
2025-09-10 16:00:00,KJ0003A,-115.3054749674802,KJ0003,False,35.81495284163537,50.97797461185772,45,26.5,0,0,0
2025-09-10 16:00:00,KJ0003B,-110.70331162189134,KJ0003,False,35.834484231664185,50.969843507006395,45,26.5,120,0,Unavailable Ret
2025-09-10 16:00:00,KJ0003C,-115.01588474203733,KJ0003,False,35.81730294857986,50.98806829080847,45,26.5,240,0,2
2025-09-10 17:00:00,KJ0002A,-115.02529075564523,KJ0002,False,35.82692793630359,50.97740703601138,45,26.5,0,0,4
2025-09-10 17:00:00,KJ0002B,-117.04551247327534,KJ0002,False,35.82061510210745,50.98007870507039,45,26.5,120,0,0
2025-09-10 17:00:00,KJ0002C,-114.03803143402585,KJ0002,False,35.823466798421144,50.97955084946195,45,26.5,240,0,2
2025-09-10 17:00:00,KJ0003A,-114.30252750753577,KJ0003,False,35.81982746943432,50.979033129016074,45,26.5,0,0,0
2025-09-10 17:00:00,KJ0003B,-115.44196084715637,KJ0003,False,35.827111395080294,50.987378151242915,45,26.5,120,0,Unavailable Ret
2025-09-10 17:00:00,KJ0003C,-113.36043287483935,KJ0003,False,35.83342997239425,50.96985014784765,45,26.5,240,0,2
2025-09-10 18:00:00,KJ0002A,-114.51268555259458,KJ0002,False,35.820461005350374,50.974420165806954,45,26.5,0,0,Unavailable Ret
2025-09-10 18:00:00,KJ0002B,-117.18041681359885,KJ0002,False,35.82899003022653,50.9805925397323,45,26.5,120,0,2
2025-09-10 18:00:00,KJ0002C,-116.58757304803794,KJ0002,False,35.81790041659981,50.97763125883546,45,26.5,240,0,2
2025-09-10 18:00:00,KJ0003A,-114.70128759706843,KJ0003,False,35.816088018840965,50.97032669217772,45,26.5,0,0,Unavailable Ret
2025-09-10 18:00:00,KJ0003B,-115.51268135674499,KJ0003,False,35.83414116878761,50.98773414763345,45,26.5,120,0,4
2025-09-10 18:00:00,KJ0003C,-116.07609551698027,KJ0003,False,35.81998421894831,50.975783843351245,45,26.5,240,0,0
2025-09-10 19:00:00,KJ0002A,-115.47055423096464,KJ0002,False,35.81996263997527,50.977838873485375,45,26.5,0,0,Unavailable Ret
2025-09-10 19:00:00,KJ0002B,-114.78010205525374,KJ0002,False,35.82978396956878,50.973102842386275,45,26.5,120,0,2
2025-09-10 19:00:00,KJ0002C,-114.18071192274031,KJ0002,False,35.82547647095719,50.976952905188945,45,26.5,240,0,0
2025-09-10 19:00:00,KJ0003A,-118.43735471657007,KJ0003,False,35.8159241367223,50.971424476002056,45,26.5,0,0,2
2025-09-10 19:00:00,KJ0003B,-109.80654993770506,KJ0003,False,35.81935522107119,50.97971574140783,45,26.5,120,0,2
2025-09-10 19:00:00,KJ0003C,-114.91073036260981,KJ0003,False,35.820718440726274,50.97065118935202,45,26.5,240,0,4
2025-09-10 20:00:00,KJ0002A,-117.47188993317403,KJ0002,False,35.830253040552314,50.972249250231634,45,26.5,0,0,0
2025-09-10 20:00:00,KJ0002B,-111.6189811475015,KJ0002,False,35.8327245271103,50.969418886334864,45,26.5,120,0,0
2025-09-10 20:00:00,KJ0002C,-114.49976636824168,KJ0002,False,35.83069028900532,50.980369778062794,45,26.5,240,0,4
2025-09-10 20:00:00,KJ0003A,-111.30990565906137,KJ0003,False,35.821569631009396,50.98294980049346,45,26.5,0,0,0
2025-09-10 20:00:00,KJ0003B,-114.27970528384203,KJ0003,False,35.82002698491924,50.96902174069902,45,26.5,120,0,2
2025-09-10 20:00:00,KJ0003C,-117.41636347480794,KJ0003,False,35.81845126257764,50.97909725758754,45,26.5,240,0,Unavailable Ret
2025-09-10 21:00:00,KJ0002A,-113.39177203449499,KJ0002,False,35.83207863155579,50.9716290047241,45,26.5,0,0,0
2025-09-10 21:00:00,KJ0002B,-112.59265417294306,KJ0002,False,35.819692951210136,50.9778421971737,45,26.5,120,0,4
2025-09-10 21:00:00,KJ0002C,-115.20765821013279,KJ0002,False,35.81665899034074,50.97799800590254,45,26.5,240,0,4
2025-09-10 21:00:00,KJ0003A,-110.68654226343884,KJ0003,False,35.82643430954979,50.98320335895121,45,26.5,0,0,Unavailable Ret
2025-09-10 21:00:00,KJ0003B,-115.03625596301636,KJ0003,False,35.832721114817474,50.98817244441792,45,26.5,120,0,0
2025-09-10 21:00:00,KJ0003C,-116.0280619338016,KJ0003,False,35.832590243802215,50.97205267225237,45,26.5,240,0,2
2025-09-10 22:00:00,KJ0002A,-114.74248748018879,KJ0002,False,35.82953946349238,50.96987314714229,45,26.5,0,0,Unavailable Ret
2025-09-10 22:00:00,KJ0002B,-110.64118003041837,KJ0002,False,35.83124504833971,50.97161937983773,45,26.5,120,0,4
2025-09-10 22:00:00,KJ0002C,-112.69426221831527,KJ0002,False,35.82122467164623,50.97268515836936,45,26.5,240,0,2
2025-09-10 22:00:00,KJ0003A,-116.48825768695852,KJ0003,False,35.830087130004,50.97912163841532,45,26.5,0,0,2
2025-09-10 22:00:00,KJ0003B,-108.3136041355801,KJ0003,False,35.834476815368284,50.973672025528714,45,26.5,120,0,2
2025-09-10 22:00:00,KJ0003C,-115.52376683912642,KJ0003,False,35.81486416299641,50.9858389299189,45,26.5,240,0,4
2025-09-10 23:00:00,KJ0002A,-110.7696657610389,KJ0002,False,35.816091894220726,50.980762852991,45,26.5,0,0,2
2025-09-10 23:00:00,KJ0002B,-112.51396781440593,KJ0002,False,35.82037535321638,50.976748365404845,45,26.5,120,0,4
2025-09-10 23:00:00,KJ0002C,-114.26220855536128,KJ0002,False,35.817485562899876,50.987906143351644,45,26.5,240,0,4
2025-09-10 23:00:00,KJ0003A,-111.71103164659343,KJ0003,False,35.81618855756269,50.9785109970158,45,26.5,0,0,0
2025-09-10 23:00:00,KJ0003B,-109.66524542827942,KJ0003,False,35.81732286984825,50.97463455967476,45,26.5,120,0,0
2025-09-10 23:00:00,KJ0003C,-106.9226718962843,KJ0003,False,35.82023284506761,50.984046564428084,45,26.5,240,0,Unavailable Ret
2025-09-11 00:00:00,KJ0002A,-111.94824369243274,KJ0002,False,35.82214357759406,50.97665834853682,45,26.5,0,0,Unavailable Ret
2025-09-11 00:00:00,KJ0002B,-108.59314416642539,KJ0002,False,35.83224171765725,50.977206916149875,45,26.5,120,0,Unavailable Ret
2025-09-11 00:00:00,KJ0002C,-112.27435755160512,KJ0002,False,35.82492851600293,50.98439455820135,45,26.5,240,0,Unavailable Ret
2025-09-11 00:00:00,KJ0003A,-111.78565919463615,KJ0003,False,35.82974206409288,50.969091928025435,45,26.5,0,0,2
2025-09-11 00:00:00,KJ0003B,-112.25499219790608,KJ0003,False,35.8160281108647,50.98287130531206,45,26.5,120,0,0
2025-09-11 00:00:00,KJ0003C,-107.74418201349286,KJ0003,False,35.83036434978145,50.973356792644466,45,26.5,240,0,Unavailable Ret
2025-09-11 01:00:00,KJ0002A,-106.61255511992552,KJ0002,False,35.82089189271942,50.9850725402889,45,26.5,0,0,4
2025-09-11 01:00:00,KJ0002B,-107.18547778182716,KJ0002,False,35.83113184705829,50.98851812727794,45,26.5,120,0,0
2025-09-11 01:00:00,KJ0002C,-107.34318012133679,KJ0002,False,35.827003638165515,50.9871419690898,45,26.5,240,0,0
2025-09-11 01:00:00,KJ0003A,-111.01328933716711,KJ0003,False,35.82274578650829,50.97746420969728,45,26.5,0,0,Unavailable Ret
2025-09-11 01:00:00,KJ0003B,-109.10685399280315,KJ0003,False,35.8214855319414,50.980426268055766,45,26.5,120,0,4
2025-09-11 01:00:00,KJ0003C,-112.2399255044985,KJ0003,False,35.81829313384791,50.97977762347575,45,26.5,240,0,Unavailable Ret
2025-09-11 02:00:00,KJ0002A,-108.80779677665116,KJ0002,False,35.81946717113752,50.97868003458864,45,26.5,0,0,2
2025-09-11 02:00:00,KJ0002B,-107.44537324029713,KJ0002,False,35.83340299215403,50.971332267713564,45,26.5,120,0,Unavailable Ret
2025-09-11 02:00:00,KJ0002C,-109.80746558144857,KJ0002,False,35.82408970834881,50.97150568516164,45,26.5,240,0,0
2025-09-11 02:00:00,KJ0003A,-109.1902572216532,KJ0003,False,35.82391151271041,50.9721110758906,45,26.5,0,0,4
2025-09-11 02:00:00,KJ0003B,-107.04593104227023,KJ0003,False,35.83096914656218,50.984195292354286,45,26.5,120,0,0
2025-09-11 02:00:00,KJ0003C,-108.14813635041794,KJ0003,False,35.82358298036872,50.969615138711085,45,26.5,240,0,Unavailable Ret
2025-09-11 03:00:00,KJ0002A,-102.74651070518043,KJ0002,False,35.823977269588525,50.97941414639768,45,26.5,0,0,4
2025-09-11 03:00:00,KJ0002B,-104.50010812053388,KJ0002,False,35.831284927759015,50.97054536683223,45,26.5,120,0,0
2025-09-11 03:00:00,KJ0002C,-109.94890947933781,KJ0002,False,35.82571855900424,50.97150832671046,45,26.5,240,0,Unavailable Ret
2025-09-11 03:00:00,KJ0003A,-107.55654969170071,KJ0003,False,35.83479098996207,50.97324654786875,45,26.5,0,0,Unavailable Ret
2025-09-11 03:00:00,KJ0003B,-106.3069106383346,KJ0003,False,35.82415521992015,50.97097423638205,45,26.5,120,0,4
2025-09-11 03:00:00,KJ0003C,-104.35662427125436,KJ0003,False,35.82352344132244,50.97142172390285,45,26.5,240,0,Unavailable Ret
2025-09-11 04:00:00,KJ0002A,-107.00357041498093,KJ0002,False,35.81705794054352,50.96982617974219,45,26.5,0,0,Unavailable Ret
2025-09-11 04:00:00,KJ0002B,-105.27403964639365,KJ0002,False,35.82370678718681,50.986828250443345,45,26.5,120,0,4
2025-09-11 04:00:00,KJ0002C,-104.51806410721314,KJ0002,False,35.827017521195636,50.98553947571366,45,26.5,240,0,2
2025-09-11 04:00:00,KJ0003A,-105.96873595309998,KJ0003,False,35.824949992402864,50.98028343923567,45,26.5,0,0,Unavailable Ret
2025-09-11 04:00:00,KJ0003B,-103.99054525221543,KJ0003,False,35.82162923947286,50.988793445265294,45,26.5,120,0,4
2025-09-11 04:00:00,KJ0003C,-108.38490806076167,KJ0003,False,35.830591922232976,50.98089785765211,45,26.5,240,0,4
2025-09-11 05:00:00,KJ0002A,-103.6437025666869,KJ0002,False,35.83429878621277,50.988352038383134,45,26.5,0,0,4
2025-09-11 05:00:00,KJ0002B,-104.14771758022995,KJ0002,False,35.81664555212942,50.98245906582807,45,26.5,120,0,4
2025-09-11 05:00:00,KJ0002C,-106.92893643337864,KJ0002,False,35.82781374332891,50.98848965161202,45,26.5,240,0,0
2025-09-11 05:00:00,KJ0003A,-104.4731806288327,KJ0003,False,35.82984589174735,50.980607313784354,45,26.5,0,0,4
2025-09-11 05:00:00,KJ0003B,-103.00692747976447,KJ0003,False,35.8288399820293,50.97802687311188,45,26.5,120,0,0
2025-09-11 05:00:00,KJ0003C,-106.0831437912296,KJ0003,False,35.83197660863562,50.978112441486864,45,26.5,240,0,2
2025-09-11 06:00:00,KJ0002A,-104.59908073717254,KJ0002,False,35.82104305833309,50.97934636528901,45,26.5,0,0,0
2025-09-11 06:00:00,KJ0002B,-103.78218928749074,KJ0002,False,35.82157461934634,50.98711752580643,45,26.5,120,0,4
2025-09-11 06:00:00,KJ0002C,-109.38214814512934,KJ0002,False,35.828460234602325,50.98208464316659,45,26.5,240,0,2
2025-09-11 06:00:00,KJ0003A,-105.67019895759847,KJ0003,False,35.82094862145962,50.969981886758156,45,26.5,0,0,0
2025-09-11 06:00:00,KJ0003B,-104.29925956722732,KJ0003,False,35.81560594254671,50.98079364671047,45,26.5,120,0,Unavailable Ret
2025-09-11 06:00:00,KJ0003C,-106.68864807436614,KJ0003,False,35.82912471852821,50.98829587403313,45,26.5,240,0,Unavailable Ret
2025-09-11 07:00:00,KJ0002A,-106.77569364902209,KJ0002,False,35.82822530050886,50.98526518840745,45,26.5,0,0,2
2025-09-11 07:00:00,KJ0002B,-105.32480575549056,KJ0002,False,35.8262652106591,50.971584542932334,45,26.5,120,0,0
2025-09-11 07:00:00,KJ0002C,-105.85156828237437,KJ0002,False,35.82582141269083,50.97268986301272,45,26.5,240,0,0
2025-09-11 07:00:00,KJ0003A,-104.17008480232688,KJ0003,False,35.81989518321978,50.981460987865404,45,26.5,0,0,0
2025-09-11 07:00:00,KJ0003B,-105.59537359793698,KJ0003,False,35.821657902465915,50.979769527220505,45,26.5,120,0,4
2025-09-11 07:00:00,KJ0003C,-102.81247407008132,KJ0003,False,35.8284857640178,50.98390237694359,45,26.5,240,0,2
2025-09-11 08:00:00,KJ0002A,-106.65980394181395,KJ0002,False,35.818494973031456,50.96998004775104,45,26.5,0,0,4
2025-09-11 08:00:00,KJ0002B,-106.66501797769622,KJ0002,False,35.822741811487724,50.971337401538115,45,26.5,120,0,2
2025-09-11 08:00:00,KJ0002C,-105.47840131334468,KJ0002,False,35.83119991370772,50.97537477781137,45,26.5,240,0,0
2025-09-11 08:00:00,KJ0003A,-106.85652276033767,KJ0003,False,35.82049116778081,50.988735499091476,45,26.5,0,0,0
2025-09-11 08:00:00,KJ0003B,-103.29267933490378,KJ0003,False,35.829643682579835,50.98234461675124,45,26.5,120,0,4
2025-09-11 08:00:00,KJ0003C,-101.97114869830504,KJ0003,False,35.828598342677424,50.97451595886083,45,26.5,240,0,2
2025-09-11 09:00:00,KJ0002A,-105.69830177997763,KJ0002,False,35.83198200213965,50.98809465167722,45,26.5,0,0,2
2025-09-11 09:00:00,KJ0002B,-108.07398478730474,KJ0002,False,35.8250667072487,50.975706019383914,45,26.5,120,0,0
2025-09-11 09:00:00,KJ0002C,-105.81809512915085,KJ0002,False,35.82717570042028,50.984469241775095,45,26.5,240,0,2
2025-09-11 09:00:00,KJ0003A,-103.89683237436014,KJ0003,False,35.82801776504792,50.98502389607313,45,26.5,0,0,2
2025-09-11 09:00:00,KJ0003B,-105.18902709970342,KJ0003,False,35.820532700849164,50.98164894547986,45,26.5,120,0,0
2025-09-11 09:00:00,KJ0003C,-105.56466563524847,KJ0003,False,35.82344978742927,50.969500238718005,45,26.5,240,0,0
2025-09-11 10:00:00,KJ0002A,-109.88904587953208,KJ0002,False,35.829054404103545,50.97235780566837,45,26.5,0,0,2
2025-09-11 10:00:00,KJ0002B,-106.92839342641054,KJ0002,False,35.8272345306096,50.96980157936973,45,26.5,120,0,0
2025-09-11 10:00:00,KJ0002C,-108.42166467959352,KJ0002,False,35.82998953663708,50.97885239064668,45,26.5,240,0,Unavailable Ret
2025-09-11 10:00:00,KJ0003A,-108.24685939003236,KJ0003,False,35.818972120691924,50.98391440353124,45,26.5,0,0,4
2025-09-11 10:00:00,KJ0003B,-108.67866446285473,KJ0003,False,35.82847858830314,50.980713692398176,45,26.5,120,0,4
2025-09-11 10:00:00,KJ0003C,-108.41727727220217,KJ0003,False,35.824678134008266,50.987072658274165,45,26.5,240,0,0
2025-09-11 11:00:00,KJ0002A,-108.24761110548917,KJ0002,False,35.82065497913479,50.97473634476693,45,26.5,0,0,2
2025-09-11 11:00:00,KJ0002B,-108.79539594399937,KJ0002,False,35.815918904714074,50.98550068527882,45,26.5,120,0,4
2025-09-11 11:00:00,KJ0002C,-109.13404016994312,KJ0002,False,35.8327263146312,50.97090950127293,45,26.5,240,0,4
2025-09-11 11:00:00,KJ0003A,-107.94709397927717,KJ0003,False,35.81892242975399,50.98111366375457,45,26.5,0,0,Unavailable Ret
2025-09-11 11:00:00,KJ0003B,-108.80431460683413,KJ0003,False,35.83372430216882,50.982376400872596,45,26.5,120,0,0
2025-09-11 11:00:00,KJ0003C,-107.7277370181859,KJ0003,False,35.8241911948878,50.97026074842807,45,26.5,240,0,2
2025-09-11 12:00:00,KJ0002A,-110.3558357516088,KJ0002,False,35.83072156752515,50.971667671084326,45,26.5,0,0,2
2025-09-11 12:00:00,KJ0002B,-111.82562183859302,KJ0002,False,35.82385733518413,50.98351285680729,45,26.5,120,0,0
2025-09-11 12:00:00,KJ0002C,-107.30671313713104,KJ0002,False,35.82555551347336,50.982382485269646,45,26.5,240,0,Unavailable Ret
2025-09-11 12:00:00,KJ0003A,-112.52242370370462,KJ0003,False,35.81590386349153,50.969193400895904,45,26.5,0,0,0
2025-09-11 12:00:00,KJ0003B,-110.10621360339383,KJ0003,False,35.832629477693814,50.98022994517037,45,26.5,120,0,0
2025-09-11 12:00:00,KJ0003C,-111.1019636070765,KJ0003,False,35.823305666830485,50.97567497684652,45,26.5,240,0,2
2025-09-11 13:00:00,KJ0002A,-109.11312577569733,KJ0002,False,35.83440910894716,50.98855201467905,45,26.5,0,0,4
2025-09-11 13:00:00,KJ0002B,-108.89434425795125,KJ0002,False,35.81744613659793,50.986580854888935,45,26.5,120,0,2
2025-09-11 13:00:00,KJ0002C,-110.86072898758404,KJ0002,False,35.83301392248289,50.97649666789537,45,26.5,240,0,Unavailable Ret
2025-09-11 13:00:00,KJ0003A,-111.90079536046687,KJ0003,False,35.824594777228555,50.97319497409668,45,26.5,0,0,Unavailable Ret
2025-09-11 13:00:00,KJ0003B,-109.15580669764078,KJ0003,False,35.83353353128333,50.987655017184686,45,26.5,120,0,0
2025-09-11 13:00:00,KJ0003C,-112.84097020924793,KJ0003,False,35.83386668778341,50.973626645730945,45,26.5,240,0,0
2025-09-11 14:00:00,KJ0002A,-112.70095144114342,KJ0002,False,35.82016994533769,50.98708416473563,45,26.5,0,0,0
2025-09-11 14:00:00,KJ0002B,-112.61478140600309,KJ0002,False,35.81806122411863,50.97583045602339,45,26.5,120,0,2
2025-09-11 14:00:00,KJ0002C,-109.6002929604533,KJ0002,False,35.817731931310824,50.985300071488936,45,26.5,240,0,Unavailable Ret
2025-09-11 14:00:00,KJ0003A,-115.35224473752235,KJ0003,False,35.83351849648897,50.988436070707614,45,26.5,0,0,2
2025-09-11 14:00:00,KJ0003B,-114.29266531718412,KJ0003,False,35.81514825599843,50.987031288547605,45,26.5,120,0,4
2025-09-11 14:00:00,KJ0003C,-112.06139532559912,KJ0003,False,35.8183570272332,50.96898085829248,45,26.5,240,0,0
2025-09-11 15:00:00,KJ0002A,-114.90820759980238,KJ0002,False,35.828067195752695,50.98814897269201,45,26.5,0,0,0
2025-09-11 15:00:00,KJ0002B,-115.22233700284681,KJ0002,False,35.81648925126893,50.984240424569116,45,26.5,120,0,0
2025-09-11 15:00:00,KJ0002C,-114.7283567218705,KJ0002,False,35.82024435197796,50.9851591157883,45,26.5,240,0,0
2025-09-11 15:00:00,KJ0003A,-114.1338974507876,KJ0003,False,35.820023233096656,50.97069057108733,45,26.5,0,0,2
2025-09-11 15:00:00,KJ0003B,-113.47937635783676,KJ0003,False,35.82313321892812,50.97217077026994,45,26.5,120,0,Unavailable Ret
2025-09-11 15:00:00,KJ0003C,-113.32707802767592,KJ0003,False,35.81756468197776,50.96992696196697,45,26.5,240,0,2
2025-09-11 16:00:00,KJ0002A,-113.91118685162665,KJ0002,False,35.83338526842411,50.978774868560116,45,26.5,0,0,2
2025-09-11 16:00:00,KJ0002B,-116.29919511988614,KJ0002,False,35.82447269291131,50.9701036619372,45,26.5,120,0,2
2025-09-11 16:00:00,KJ0002C,-115.86925178125244,KJ0002,False,35.822034321179515,50.98158604313076,45,26.5,240,0,4
2025-09-11 16:00:00,KJ0003A,-113.23552166936825,KJ0003,False,35.81736623688721,50.98048474897605,45,26.5,0,0,4
2025-09-11 16:00:00,KJ0003B,-114.3463534221457,KJ0003,False,35.831131135142286,50.97748134570133,45,26.5,120,0,4
2025-09-11 16:00:00,KJ0003C,-114.01394856827584,KJ0003,False,35.82261591094426,50.986660433659345,45,26.5,240,0,Unavailable Ret
2025-09-11 17:00:00,KJ0002A,-111.36985833407846,KJ0002,False,35.82741037361237,50.97718765883601,45,26.5,0,0,0
2025-09-11 17:00:00,KJ0002B,-117.7836588570742,KJ0002,False,35.82734541038835,50.969416023610925,45,26.5,120,0,Unavailable Ret
2025-09-11 17:00:00,KJ0002C,-115.51995854234494,KJ0002,False,35.819040134985634,50.98356070800852,45,26.5,240,0,Unavailable Ret
2025-09-11 17:00:00,KJ0003A,-113.85112006129269,KJ0003,False,35.827249615801875,50.98647951110281,45,26.5,0,0,4
2025-09-11 17:00:00,KJ0003B,-115.36087277500641,KJ0003,False,35.83005722427414,50.97171752310779,45,26.5,120,0,4
2025-09-11 17:00:00,KJ0003C,-112.75659796443648,KJ0003,False,35.83371989721119,50.98148240243831,45,26.5,240,0,4
2025-09-11 18:00:00,KJ0002A,-112.70794484997317,KJ0002,False,35.814959262808344,50.97729373239315,45,26.5,0,0,0
2025-09-11 18:00:00,KJ0002B,-120.67501288279476,KJ0002,False,35.81772034600775,50.98639956764999,45,26.5,120,0,0
2025-09-11 18:00:00,KJ0002C,-113.65660363235749,KJ0002,False,35.826578624809066,50.9730552619886,45,26.5,240,0,0
2025-09-11 18:00:00,KJ0003A,-116.14536328031859,KJ0003,False,35.82361360657394,50.970226155460765,45,26.5,0,0,0
2025-09-11 18:00:00,KJ0003B,-118.08987469335352,KJ0003,False,35.83215023213821,50.98222536583501,45,26.5,120,0,4
2025-09-11 18:00:00,KJ0003C,-116.07861002892655,KJ0003,False,35.815868148665416,50.98286288439933,45,26.5,240,0,0
2025-09-11 19:00:00,KJ0002A,-117.75902287883324,KJ0002,False,35.83472290353349,50.97844367030524,45,26.5,0,0,0
2025-09-11 19:00:00,KJ0002B,-112.19999984175678,KJ0002,False,35.81742345260827,50.97465998779129,45,26.5,120,0,2
2025-09-11 19:00:00,KJ0002C,-115.28094189286985,KJ0002,False,35.82918398531945,50.98056470997561,45,26.5,240,0,Unavailable Ret
2025-09-11 19:00:00,KJ0003A,-112.05158040551981,KJ0003,False,35.82718493964915,50.97047359529733,45,26.5,0,0,2
2025-09-11 19:00:00,KJ0003B,-114.26579155519272,KJ0003,False,35.82151813626993,50.98788528029066,45,26.5,120,0,4
2025-09-11 19:00:00,KJ0003C,-115.17510278177936,KJ0003,False,35.83350786093109,50.98158171777709,45,26.5,240,0,4
2025-09-11 20:00:00,KJ0002A,-114.96072032949445,KJ0002,False,35.816792922245554,50.981299080883666,45,26.5,0,0,0
2025-09-11 20:00:00,KJ0002B,-116.21217242025496,KJ0002,False,35.81844262843757,50.974887914806075,45,26.5,120,0,0
2025-09-11 20:00:00,KJ0002C,-114.97708586267545,KJ0002,False,35.83334170766437,50.983048436300244,45,26.5,240,0,2
2025-09-11 20:00:00,KJ0003A,-116.64695336406778,KJ0003,False,35.817314600512574,50.97648107765022,45,26.5,0,0,2
2025-09-11 20:00:00,KJ0003B,-113.02551471570173,KJ0003,False,35.81699964732138,50.98815673337615,45,26.5,120,0,Unavailable Ret
2025-09-11 20:00:00,KJ0003C,-117.59279723975635,KJ0003,False,35.83405425820232,50.98812976450048,45,26.5,240,0,0
2025-09-11 21:00:00,KJ0002A,-111.67299471394159,KJ0002,False,35.82827839457823,50.9811299892051,45,26.5,0,0,2
2025-09-11 21:00:00,KJ0002B,-112.071714093588,KJ0002,False,35.81681915099362,50.979023159311254,45,26.5,120,0,0
2025-09-11 21:00:00,KJ0002C,-110.59346452429853,KJ0002,False,35.82850450327762,50.97308162474955,45,26.5,240,0,4
2025-09-11 21:00:00,KJ0003A,-114.93452434626802,KJ0003,False,35.82751529974718,50.96967119696544,45,26.5,0,0,4
2025-09-11 21:00:00,KJ0003B,-116.07835627028089,KJ0003,False,35.81495183625549,50.98244501376661,45,26.5,120,0,4
2025-09-11 21:00:00,KJ0003C,-116.03011919599304,KJ0003,False,35.82296875636736,50.98844522415633,45,26.5,240,0,2
2025-09-11 22:00:00,KJ0002A,-111.47968506216964,KJ0002,False,35.81570721115256,50.98129093980924,45,26.5,0,0,2
2025-09-11 22:00:00,KJ0002B,-109.95485967414287,KJ0002,False,35.83279047965299,50.98131487452175,45,26.5,120,0,0
2025-09-11 22:00:00,KJ0002C,-113.29687231869755,KJ0002,False,35.83375305872013,50.97696925435904,45,26.5,240,0,Unavailable Ret
2025-09-11 22:00:00,KJ0003A,-110.01337555030966,KJ0003,False,35.815552266399244,50.970453395347825,45,26.5,0,0,0
2025-09-11 22:00:00,KJ0003B,-113.71670152935867,KJ0003,False,35.83091238417509,50.9858426546937,45,26.5,120,0,0
2025-09-11 22:00:00,KJ0003C,-111.31493938536448,KJ0003,False,35.8336275253499,50.97249786106137,45,26.5,240,0,4
2025-09-11 23:00:00,KJ0002A,-111.04126956664537,KJ0002,False,35.826325849422446,50.98174300166602,45,26.5,0,0,0
2025-09-11 23:00:00,KJ0002B,-113.64931724113615,KJ0002,False,35.83446720235711,50.97956940782377,45,26.5,120,0,4
2025-09-11 23:00:00,KJ0002C,-109.84844143554159,KJ0002,False,35.82812894332161,50.9852931493696,45,26.5,240,0,0
2025-09-11 23:00:00,KJ0003A,-111.07049690910583,KJ0003,False,35.83387632744402,50.98690381381445,45,26.5,0,0,Unavailable Ret
2025-09-11 23:00:00,KJ0003B,-112.87386384384645,KJ0003,False,35.828498707221385,50.97890440829717,45,26.5,120,0,Unavailable Ret
2025-09-11 23:00:00,KJ0003C,-111.29790649149012,KJ0003,False,35.81901383937438,50.975308857102,45,26.5,240,0,4
2025-09-12 00:00:00,KJ0002A,-112.092242170125,KJ0002,False,35.8322578912671,50.98110232478138,45,26.5,0,0,0
2025-09-12 00:00:00,KJ0002B,-109.05318516857507,KJ0002,False,35.81648581945097,50.9817012198708,45,26.5,120,0,2
2025-09-12 00:00:00,KJ0002C,-109.61329444080337,KJ0002,False,35.81987397814026,50.98491386903754,45,26.5,240,0,4
2025-09-12 00:00:00,KJ0003A,-111.30220579402814,KJ0003,False,35.82725605958148,50.98752840433685,45,26.5,0,0,0
2025-09-12 00:00:00,KJ0003B,-106.79132178338281,KJ0003,False,35.81745941312684,50.97977831027586,45,26.5,120,0,Unavailable Ret
2025-09-12 00:00:00,KJ0003C,-110.57018851408402,KJ0003,False,35.83111030633352,50.97405350315481,45,26.5,240,0,0
2025-09-12 01:00:00,KJ0002A,-107.53653821065154,KJ0002,False,35.81738805170147,50.98323993605255,45,26.5,0,0,Unavailable Ret
2025-09-12 01:00:00,KJ0002B,-109.4463559582201,KJ0002,False,35.82713365930425,50.9880565883416,45,26.5,120,0,Unavailable Ret
2025-09-12 01:00:00,KJ0002C,-110.03674937074632,KJ0002,False,35.8275940365878,50.973553650691514,45,26.5,240,0,0
2025-09-12 01:00:00,KJ0003A,-107.26209780361111,KJ0003,False,35.83007300115491,50.9848849835847,45,26.5,0,0,2
2025-09-12 01:00:00,KJ0003B,-108.18355116053837,KJ0003,False,35.81735220981734,50.977390837107194,45,26.5,120,0,Unavailable Ret
2025-09-12 01:00:00,KJ0003C,-106.65950282779141,KJ0003,False,35.817149660927704,50.9779053492151,45,26.5,240,0,0
2025-09-12 02:00:00,KJ0002A,-107.46963411491913,KJ0002,False,35.83110250112052,50.98756326083102,45,26.5,0,0,0
2025-09-12 02:00:00,KJ0002B,-109.44961315184568,KJ0002,False,35.82203974299644,50.97601454039092,45,26.5,120,0,0
2025-09-12 02:00:00,KJ0002C,-105.3429329078741,KJ0002,False,35.82466965420916,50.97827805021129,45,26.5,240,0,4
2025-09-12 02:00:00,KJ0003A,-108.155474300536,KJ0003,False,35.82158222458225,50.96994865977882,45,26.5,0,0,Unavailable Ret
2025-09-12 02:00:00,KJ0003B,-110.8813432552129,KJ0003,False,35.82464856048078,50.98029545019474,45,26.5,120,0,4
2025-09-12 02:00:00,KJ0003C,-109.45699909173321,KJ0003,False,35.83297694420486,50.980931482205165,45,26.5,240,0,2
2025-09-12 03:00:00,KJ0002A,-107.93100346167562,KJ0002,False,35.81958690320807,50.98782562343512,45,26.5,0,0,4
2025-09-12 03:00:00,KJ0002B,-107.08346761807485,KJ0002,False,35.83037856813563,50.972250760977964,45,26.5,120,0,2
2025-09-12 03:00:00,KJ0002C,-105.49209651094338,KJ0002,False,35.8258442474404,50.975971178423535,45,26.5,240,0,0
2025-09-12 03:00:00,KJ0003A,-110.36320960471211,KJ0003,False,35.828257237158645,50.97541520255109,45,26.5,0,0,Unavailable Ret
2025-09-12 03:00:00,KJ0003B,-108.18543424083293,KJ0003,False,35.82396529225408,50.984030402974334,45,26.5,120,0,2
2025-09-12 03:00:00,KJ0003C,-108.0864173619187,KJ0003,False,35.81634244803984,50.982120660662225,45,26.5,240,0,2
2025-09-12 04:00:00,KJ0002A,-102.81526225249937,KJ0002,False,35.82158465911549,50.9801147420289,45,26.5,0,0,2
2025-09-12 04:00:00,KJ0002B,-106.50874248639491,KJ0002,False,35.833151535589394,50.98050852430288,45,26.5,120,0,0
2025-09-12 04:00:00,KJ0002C,-106.3801162920588,KJ0002,False,35.832297960634165,50.97589058482601,45,26.5,240,0,2
2025-09-12 04:00:00,KJ0003A,-104.84022401700605,KJ0003,False,35.82338768778789,50.97261971319942,45,26.5,0,0,0
2025-09-12 04:00:00,KJ0003B,-105.98648393709713,KJ0003,False,35.824670602503176,50.97047876878076,45,26.5,120,0,Unavailable Ret
2025-09-12 04:00:00,KJ0003C,-106.03758076739622,KJ0003,False,35.817283817012274,50.98050552394278,45,26.5,240,0,4
2025-09-12 05:00:00,KJ0002A,-103.809939956749,KJ0002,False,35.825706493513465,50.974234849317476,45,26.5,0,0,2
2025-09-12 05:00:00,KJ0002B,-105.56807035558995,KJ0002,False,35.82468087319179,50.9779114561923,45,26.5,120,0,Unavailable Ret
2025-09-12 05:00:00,KJ0002C,-103.43282586737311,KJ0002,False,35.81585047510059,50.97111292077393,45,26.5,240,0,4
2025-09-12 05:00:00,KJ0003A,-107.54304372277437,KJ0003,False,35.82247775727264,50.9855832392839,45,26.5,0,0,0
2025-09-12 05:00:00,KJ0003B,-105.06929818296884,KJ0003,False,35.82081134165811,50.971865285689255,45,26.5,120,0,4
2025-09-12 05:00:00,KJ0003C,-102.19076560541195,KJ0003,False,35.82814931406974,50.97285425685828,45,26.5,240,0,0
2025-09-12 06:00:00,KJ0002A,-106.6127538582361,KJ0002,False,35.81517058017918,50.97088664359068,45,26.5,0,0,Unavailable Ret
2025-09-12 06:00:00,KJ0002B,-104.84861011998981,KJ0002,False,35.82879769481975,50.971080234261365,45,26.5,120,0,4
2025-09-12 06:00:00,KJ0002C,-105.31272627487314,KJ0002,False,35.8220433216639,50.97100800745433,45,26.5,240,0,0
2025-09-12 06:00:00,KJ0003A,-102.19292933609165,KJ0003,False,35.81717012053239,50.983970783344525,45,26.5,0,0,2
2025-09-12 06:00:00,KJ0003B,-110.24963411274823,KJ0003,False,35.82731183105373,50.987763737879824,45,26.5,120,0,4
2025-09-12 06:00:00,KJ0003C,-99.90198058256456,KJ0003,False,35.82826288687053,50.97230792132412,45,26.5,240,0,4
2025-09-12 07:00:00,KJ0002A,-106.52475134386124,KJ0002,False,35.831531578015905,50.97193572069692,45,26.5,0,0,Unavailable Ret
2025-09-12 07:00:00,KJ0002B,-104.3392693856062,KJ0002,False,35.815127036844636,50.983438470385714,45,26.5,120,0,0
2025-09-12 07:00:00,KJ0002C,-105.3221137699247,KJ0002,False,35.82295815762709,50.98857138981558,45,26.5,240,0,0
2025-09-12 07:00:00,KJ0003A,-108.53970602300743,KJ0003,False,35.82780085917207,50.97489246365857,45,26.5,0,0,Unavailable Ret
2025-09-12 07:00:00,KJ0003B,-106.23885141248051,KJ0003,False,35.83153879474752,50.97907877261364,45,26.5,120,0,2
2025-09-12 07:00:00,KJ0003C,-104.86854894130451,KJ0003,False,35.815010208211184,50.98648818372887,45,26.5,240,0,Unavailable Ret
2025-09-12 08:00:00,KJ0002A,-106.88588526695244,KJ0002,False,35.82667992831644,50.9730423555188,45,26.5,0,0,4
2025-09-12 08:00:00,KJ0002B,-107.69883243449263,KJ0002,False,35.817012845658375,50.97663032051891,45,26.5,120,0,2
2025-09-12 08:00:00,KJ0002C,-104.50161001144018,KJ0002,False,35.8207542822769,50.971552532320146,45,26.5,240,0,2
2025-09-12 08:00:00,KJ0003A,-104.44214028879624,KJ0003,False,35.81666033242366,50.97085883251113,45,26.5,0,0,2
2025-09-12 08:00:00,KJ0003B,-107.37464651322601,KJ0003,False,35.81967885233531,50.98568387461746,45,26.5,120,0,0
2025-09-12 08:00:00,KJ0003C,-104.71914175969378,KJ0003,False,35.83391126374252,50.98105852774967,45,26.5,240,0,4
2025-09-12 09:00:00,KJ0002A,-104.96530260745195,KJ0002,False,35.82781510142187,50.97064837955583,45,26.5,0,0,0
2025-09-12 09:00:00,KJ0002B,-106.81235893873956,KJ0002,False,35.83334331107773,50.978513816462936,45,26.5,120,0,2
2025-09-12 09:00:00,KJ0002C,-107.60336564305149,KJ0002,False,35.82474030844461,50.971306369821505,45,26.5,240,0,Unavailable Ret
2025-09-12 09:00:00,KJ0003A,-106.71250886884725,KJ0003,False,35.81968056677799,50.98747318499518,45,26.5,0,0,0
2025-09-12 09:00:00,KJ0003B,-107.32846485040888,KJ0003,False,35.822141023747584,50.97630706322064,45,26.5,120,0,0
2025-09-12 09:00:00,KJ0003C,-105.70869955890079,KJ0003,False,35.83042145451642,50.97607214636851,45,26.5,240,0,Unavailable Ret
2025-09-12 10:00:00,KJ0002A,-108.49306347096393,KJ0002,False,35.81692610049713,50.98140413194186,45,26.5,0,0,2
2025-09-12 10:00:00,KJ0002B,-109.80698485196957,KJ0002,False,35.833928063447765,50.97024810724805,45,26.5,120,0,Unavailable Ret
2025-09-12 10:00:00,KJ0002C,-104.83584761456645,KJ0002,False,35.833036836324325,50.979921985607916,45,26.5,240,0,4
2025-09-12 10:00:00,KJ0003A,-111.22207985866423,KJ0003,False,35.82248544915955,50.98828158670949,45,26.5,0,0,4
2025-09-12 10:00:00,KJ0003B,-104.79777182002657,KJ0003,False,35.83214642971377,50.98671946114925,45,26.5,120,0,0
2025-09-12 10:00:00,KJ0003C,-104.91450942096358,KJ0003,False,35.819120257150956,50.97326143105628,45,26.5,240,0,4
2025-09-12 11:00:00,KJ0002A,-106.97541487379951,KJ0002,False,35.8269443240394,50.97217574670367,45,26.5,0,0,2
2025-09-12 11:00:00,KJ0002B,-107.08599114778238,KJ0002,False,35.81502103273632,50.970668525377235,45,26.5,120,0,0
2025-09-12 11:00:00,KJ0002C,-111.28702761837982,KJ0002,False,35.82155954091426,50.969201621844114,45,26.5,240,0,4
2025-09-12 11:00:00,KJ0003A,-108.99242260521578,KJ0003,False,35.82258261891214,50.96958443409139,45,26.5,0,0,Unavailable Ret
2025-09-12 11:00:00,KJ0003B,-106.7668086407092,KJ0003,False,35.81911925814551,50.97124963644877,45,26.5,120,0,2
2025-09-12 11:00:00,KJ0003C,-107.76319979283194,KJ0003,False,35.82520370062301,50.97265152093034,45,26.5,240,0,2
2025-09-12 12:00:00,KJ0002A,-109.99370454618735,KJ0002,False,35.83443842849844,50.97078753458216,45,26.5,0,0,Unavailable Ret
2025-09-12 12:00:00,KJ0002B,-107.54001926312263,KJ0002,False,35.832800255301926,50.98765759812683,45,26.5,120,0,2
2025-09-12 12:00:00,KJ0002C,-105.58894086346918,KJ0002,False,35.82786456247555,50.973953324466635,45,26.5,240,0,Unavailable Ret
2025-09-12 12:00:00,KJ0003A,-107.6013264381435,KJ0003,False,35.82694585791643,50.98582939803167,45,26.5,0,0,4
2025-09-12 12:00:00,KJ0003B,-109.51958831210756,KJ0003,False,35.83005375022388,50.983112147325265,45,26.5,120,0,0
2025-09-12 12:00:00,KJ0003C,-107.49373435046351,KJ0003,False,35.82369881915343,50.97167234489973,45,26.5,240,0,0
2025-09-12 13:00:00,KJ0002A,-110.33521184202607,KJ0002,False,35.82385430200203,50.97169571273336,45,26.5,0,0,4
2025-09-12 13:00:00,KJ0002B,-111.4336020839702,KJ0002,False,35.83409864359136,50.98319741161104,45,26.5,120,0,2
2025-09-12 13:00:00,KJ0002C,-112.6054706644355,KJ0002,False,35.82930115818318,50.97507024598028,45,26.5,240,0,4
2025-09-12 13:00:00,KJ0003A,-111.76551771522594,KJ0003,False,35.82887399569551,50.96927400190551,45,26.5,0,0,4
2025-09-12 13:00:00,KJ0003B,-112.4020323226675,KJ0003,False,35.82367254690646,50.97636380937539,45,26.5,120,0,Unavailable Ret
2025-09-12 13:00:00,KJ0003C,-108.67666186766805,KJ0003,False,35.822067316339904,50.98086182334792,45,26.5,240,0,4
2025-09-12 14:00:00,KJ0002A,-111.72079095181603,KJ0002,False,35.82822454650885,50.97422878892607,45,26.5,0,0,0
2025-09-12 14:00:00,KJ0002B,-116.94084201787025,KJ0002,False,35.82165372811517,50.972729270383645,45,26.5,120,0,0
2025-09-12 14:00:00,KJ0002C,-108.7841424798835,KJ0002,False,35.815395988862065,50.98120205931123,45,26.5,240,0,0
2025-09-12 14:00:00,KJ0003A,-110.55839029492559,KJ0003,False,35.82200984837558,50.97037446798912,45,26.5,0,0,4
2025-09-12 14:00:00,KJ0003B,-112.72960449751812,KJ0003,False,35.824143663116615,50.96989419579707,45,26.5,120,0,0
2025-09-12 14:00:00,KJ0003C,-111.36645654763164,KJ0003,False,35.834388391122395,50.976567362742735,45,26.5,240,0,Unavailable Ret
2025-09-12 15:00:00,KJ0002A,-116.79664831042734,KJ0002,False,35.829705014632594,50.97220473158217,45,26.5,0,0,Unavailable Ret
2025-09-12 15:00:00,KJ0002B,-113.42500871417471,KJ0002,False,35.83005889043878,50.98684624479149,45,26.5,120,0,Unavailable Ret
2025-09-12 15:00:00,KJ0002C,-112.06987574228924,KJ0002,False,35.82782943490437,50.98533034139599,45,26.5,240,0,Unavailable Ret
2025-09-12 15:00:00,KJ0003A,-116.08399814408632,KJ0003,False,35.83131497333304,50.98620406151558,45,26.5,0,0,0
2025-09-12 15:00:00,KJ0003B,-113.4212982248304,KJ0003,False,35.82900474169602,50.968987156592505,45,26.5,120,0,Unavailable Ret
2025-09-12 15:00:00,KJ0003C,-112.96588334868547,KJ0003,False,35.81501228863321,50.97181617429036,45,26.5,240,0,4
2025-09-12 16:00:00,KJ0002A,-118.53962603036022,KJ0002,False,35.83371034188497,50.98231219663993,45,26.5,0,0,Unavailable Ret
2025-09-12 16:00:00,KJ0002B,-110.24577119785273,KJ0002,False,35.831779644198676,50.986960381420886,45,26.5,120,0,2
2025-09-12 16:00:00,KJ0002C,-119.27324683555072,KJ0002,False,35.826452896056296,50.975975409806985,45,26.5,240,0,4
2025-09-12 16:00:00,KJ0003A,-117.6817105857952,KJ0003,False,35.82488027022596,50.97004217112156,45,26.5,0,0,2
2025-09-12 16:00:00,KJ0003B,-116.80239861098312,KJ0003,False,35.833520460455176,50.98708415142498,45,26.5,120,0,4
2025-09-12 16:00:00,KJ0003C,-111.82145029740752,KJ0003,False,35.82532540673366,50.98320203475912,45,26.5,240,0,0
2025-09-12 17:00:00,KJ0002A,-114.36465589460661,KJ0002,False,35.82541104678425,50.96939682102525,45,26.5,0,0,4
2025-09-12 17:00:00,KJ0002B,-113.02663606515988,KJ0002,False,35.83265117720419,50.983497549057674,45,26.5,120,0,Unavailable Ret
2025-09-12 17:00:00,KJ0002C,-111.58185914582305,KJ0002,False,35.82040533861774,50.98013905215305,45,26.5,240,0,2
2025-09-12 17:00:00,KJ0003A,-114.06329275192755,KJ0003,False,35.827784702777514,50.98338536940905,45,26.5,0,0,0
2025-09-12 17:00:00,KJ0003B,-114.8590019602291,KJ0003,False,35.82140060827548,50.97765206228118,45,26.5,120,0,2
2025-09-12 17:00:00,KJ0003C,-118.4326351244615,KJ0003,False,35.823617484460506,50.97981559718526,45,26.5,240,0,2
2025-09-12 18:00:00,KJ0002A,-114.31667953609475,KJ0002,False,35.81600524548357,50.98661198560874,45,26.5,0,0,Unavailable Ret
2025-09-12 18:00:00,KJ0002B,-115.5426299561366,KJ0002,False,35.81528183935561,50.9771146579516,45,26.5,120,0,0
2025-09-12 18:00:00,KJ0002C,-113.12003836381436,KJ0002,False,35.82273108954871,50.97282313795194,45,26.5,240,0,2
2025-09-12 18:00:00,KJ0003A,-115.7790855891663,KJ0003,False,35.83252844228887,50.984338569446116,45,26.5,0,0,4
2025-09-12 18:00:00,KJ0003B,-114.93720826893444,KJ0003,False,35.83457741133443,50.97814555062552,45,26.5,120,0,4
2025-09-12 18:00:00,KJ0003C,-111.78484338720098,KJ0003,False,35.82153691453431,50.98057496237934,45,26.5,240,0,0
2025-09-12 19:00:00,KJ0002A,-116.37445911346651,KJ0002,False,35.82662609067036,50.98326898314219,45,26.5,0,0,4
2025-09-12 19:00:00,KJ0002B,-113.05054666910729,KJ0002,False,35.81985287911678,50.978656206025356,45,26.5,120,0,0
2025-09-12 19:00:00,KJ0002C,-114.1607521017483,KJ0002,False,35.82586407780091,50.97113483916676,45,26.5,240,0,4
2025-09-12 19:00:00,KJ0003A,-111.87348533473245,KJ0003,False,35.83229337842964,50.9829988183148,45,26.5,0,0,2
2025-09-12 19:00:00,KJ0003B,-114.65676875327026,KJ0003,False,35.82559387588255,50.988216293811554,45,26.5,120,0,Unavailable Ret
2025-09-12 19:00:00,KJ0003C,-115.67783676261354,KJ0003,False,35.82342975745314,50.97460329045768,45,26.5,240,0,Unavailable Ret
2025-09-12 20:00:00,KJ0002A,-117.97164757452623,KJ0002,False,35.83294306593904,50.97266484258152,45,26.5,0,0,0
2025-09-12 20:00:00,KJ0002B,-115.74167398511293,KJ0002,False,35.82923448934998,50.97344790143029,45,26.5,120,0,Unavailable Ret
2025-09-12 20:00:00,KJ0002C,-116.88279886017527,KJ0002,False,35.82853182307887,50.98781580995384,45,26.5,240,0,2
2025-09-12 20:00:00,KJ0003A,-115.99056045670675,KJ0003,False,35.824545020967044,50.98288649958839,45,26.5,0,0,0
2025-09-12 20:00:00,KJ0003B,-115.8638550949313,KJ0003,False,35.833490659822615,50.98416702561114,45,26.5,120,0,4
2025-09-12 20:00:00,KJ0003C,-114.19398248042495,KJ0003,False,35.81920364266752,50.97782166785352,45,26.5,240,0,2
2025-09-12 21:00:00,KJ0002A,-113.47053418015702,KJ0002,False,35.81715128825964,50.97940355442846,45,26.5,0,0,0
2025-09-12 21:00:00,KJ0002B,-111.92434623594238,KJ0002,False,35.829361260708644,50.98143744800366,45,26.5,120,0,0
2025-09-12 21:00:00,KJ0002C,-113.61532267343617,KJ0002,False,35.833820071231784,50.9765121808071,45,26.5,240,0,4
2025-09-12 21:00:00,KJ0003A,-116.34401303845591,KJ0003,False,35.818083513274594,50.97437909236249,45,26.5,0,0,0
2025-09-12 21:00:00,KJ0003B,-115.00514132035346,KJ0003,False,35.81916399597714,50.9881604291826,45,26.5,120,0,0
2025-09-12 21:00:00,KJ0003C,-116.84891894505192,KJ0003,False,35.83263627871213,50.97706660580662,45,26.5,240,0,4
2025-09-12 22:00:00,KJ0002A,-111.12167108585133,KJ0002,False,35.818833504645774,50.97044126805058,45,26.5,0,0,2
2025-09-12 22:00:00,KJ0002B,-113.86726856457278,KJ0002,False,35.83163214617878,50.969559315124265,45,26.5,120,0,4
2025-09-12 22:00:00,KJ0002C,-111.32299842747761,KJ0002,False,35.8331127764081,50.98593030871821,45,26.5,240,0,2
2025-09-12 22:00:00,KJ0003A,-111.16625530984842,KJ0003,False,35.833273374235084,50.972972863697834,45,26.5,0,0,0
2025-09-12 22:00:00,KJ0003B,-111.71473176869806,KJ0003,False,35.82497958070616,50.97349803677299,45,26.5,120,0,0
2025-09-12 22:00:00,KJ0003C,-111.59282895298156,KJ0003,False,35.82975472276079,50.97302835341644,45,26.5,240,0,0
2025-09-12 23:00:00,KJ0002A,-112.18343336091041,KJ0002,False,35.81904596299763,50.98469079535243,45,26.5,0,0,Unavailable Ret
2025-09-12 23:00:00,KJ0002B,-112.41026792578596,KJ0002,False,35.82833314666907,50.986995016004826,45,26.5,120,0,0
2025-09-12 23:00:00,KJ0002C,-109.22633311566419,KJ0002,False,35.825902409824224,50.98687262458972,45,26.5,240,0,Unavailable Ret
2025-09-12 23:00:00,KJ0003A,-112.1090154400958,KJ0003,False,35.82133212113278,50.97324875769785,45,26.5,0,0,0
2025-09-12 23:00:00,KJ0003B,-109.69797547880792,KJ0003,False,35.83257544393023,50.97803883902588,45,26.5,120,0,4
2025-09-12 23:00:00,KJ0003C,-113.64743888365274,KJ0003,False,35.827278234626725,50.98825109341457,45,26.5,240,0,0
2025-09-13 00:00:00,KJ0002A,-111.73857397397728,KJ0002,False,35.82599273312926,50.978895668836934,45,26.5,0,0,2
2025-09-13 00:00:00,KJ0002B,-110.02173427406994,KJ0002,False,35.82968205035121,50.983845436589434,45,26.5,120,0,0
2025-09-13 00:00:00,KJ0002C,-104.8976514949947,KJ0002,False,35.814979911572145,50.98406011965899,45,26.5,240,0,2
2025-09-13 00:00:00,KJ0003A,-108.69955521318612,KJ0003,False,35.82051423489307,50.979919398997566,45,26.5,0,0,2
2025-09-13 00:00:00,KJ0003B,-111.53224166122135,KJ0003,False,35.81848625778964,50.980378722466895,45,26.5,120,0,0
2025-09-13 00:00:00,KJ0003C,-112.25612510961538,KJ0003,False,35.81860865532461,50.98521493620768,45,26.5,240,0,0
2025-09-13 01:00:00,KJ0002A,-112.82679084930557,KJ0002,False,35.82321499203615,50.980082217652466,45,26.5,0,0,Unavailable Ret
2025-09-13 01:00:00,KJ0002B,-106.52397142544855,KJ0002,False,35.823857060769576,50.97222844804186,45,26.5,120,0,0
2025-09-13 01:00:00,KJ0002C,-108.2685861609728,KJ0002,False,35.83321076328218,50.974253672086036,45,26.5,240,0,Unavailable Ret
2025-09-13 01:00:00,KJ0003A,-109.59854580495609,KJ0003,False,35.833321660183806,50.97890087495114,45,26.5,0,0,4
2025-09-13 01:00:00,KJ0003B,-108.19705185963396,KJ0003,False,35.823016074437454,50.97825401998982,45,26.5,120,0,0
2025-09-13 01:00:00,KJ0003C,-109.94944348015379,KJ0003,False,35.82054973598943,50.97383775212862,45,26.5,240,0,0
2025-09-13 02:00:00,KJ0002A,-111.19314609560884,KJ0002,False,35.8224903814793,50.98592799026651,45,26.5,0,0,2
2025-09-13 02:00:00,KJ0002B,-108.35730905383306,KJ0002,False,35.82261651558523,50.987021250857936,45,26.5,120,0,Unavailable Ret
2025-09-13 02:00:00,KJ0002C,-106.97219376556248,KJ0002,False,35.826441776756994,50.97950960417489,45,26.5,240,0,0
2025-09-13 02:00:00,KJ0003A,-107.81109893725865,KJ0003,False,35.83369927375764,50.97308555030571,45,26.5,0,0,0
2025-09-13 02:00:00,KJ0003B,-109.55173621193896,KJ0003,False,35.81739130249658,50.97957718293005,45,26.5,120,0,Unavailable Ret
2025-09-13 02:00:00,KJ0003C,-107.37533730076176,KJ0003,False,35.830448651595766,50.972747179216974,45,26.5,240,0,4
2025-09-13 03:00:00,KJ0002A,-108.01306893827697,KJ0002,False,35.81553681496632,50.97087694530285,45,26.5,0,0,2
2025-09-13 03:00:00,KJ0002B,-104.84273986287056,KJ0002,False,35.82806571465487,50.98064341547299,45,26.5,120,0,4
2025-09-13 03:00:00,KJ0002C,-102.89491601569708,KJ0002,False,35.817074624465185,50.976967328105545,45,26.5,240,0,2
2025-09-13 03:00:00,KJ0003A,-106.43756536482867,KJ0003,False,35.83039966033769,50.98418341436898,45,26.5,0,0,2
2025-09-13 03:00:00,KJ0003B,-105.57698751152765,KJ0003,False,35.82866756855393,50.97995741628398,45,26.5,120,0,4
2025-09-13 03:00:00,KJ0003C,-107.41101839842375,KJ0003,False,35.82357223302066,50.98519576861179,45,26.5,240,0,4
2025-09-13 04:00:00,KJ0002A,-105.05420823605003,KJ0002,False,35.82759749601085,50.97559997562057,45,26.5,0,0,Unavailable Ret
2025-09-13 04:00:00,KJ0002B,-101.53342089806615,KJ0002,False,35.82700378122499,50.97395745081624,45,26.5,120,0,2
2025-09-13 04:00:00,KJ0002C,-102.50694553411114,KJ0002,False,35.830692691234646,50.97873194105527,45,26.5,240,0,4
2025-09-13 04:00:00,KJ0003A,-106.28919260544917,KJ0003,False,35.81661992622192,50.97879058632055,45,26.5,0,0,0
2025-09-13 04:00:00,KJ0003B,-104.03112644479899,KJ0003,False,35.816585465339124,50.986139899524154,45,26.5,120,0,Unavailable Ret
2025-09-13 04:00:00,KJ0003C,-104.82209401618982,KJ0003,False,35.82298487525617,50.97741837918987,45,26.5,240,0,Unavailable Ret
2025-09-13 05:00:00,KJ0002A,-108.22445299019557,KJ0002,False,35.82122135172033,50.97153956972143,45,26.5,0,0,4
2025-09-13 05:00:00,KJ0002B,-106.17729555635677,KJ0002,False,35.82600434871856,50.976020015361584,45,26.5,120,0,4
2025-09-13 05:00:00,KJ0002C,-102.6652894064962,KJ0002,False,35.83268019942786,50.983975784458046,45,26.5,240,0,4
2025-09-13 05:00:00,KJ0003A,-106.72840971159462,KJ0003,False,35.833462793875995,50.976731022585625,45,26.5,0,0,0
2025-09-13 05:00:00,KJ0003B,-105.895943523623,KJ0003,False,35.83096404738088,50.97376696494484,45,26.5,120,0,Unavailable Ret
2025-09-13 05:00:00,KJ0003C,-106.90792357054197,KJ0003,False,35.83142271529372,50.98026666009944,45,26.5,240,0,Unavailable Ret
2025-09-13 06:00:00,KJ0002A,-107.67172480833723,KJ0002,False,35.82591591650656,50.97939159244851,45,26.5,0,0,2
2025-09-13 06:00:00,KJ0002B,-103.55172688137101,KJ0002,False,35.83232525077718,50.983886914050636,45,26.5,120,0,4
2025-09-13 06:00:00,KJ0002C,-102.77364341339859,KJ0002,False,35.81513249292745,50.97629314259788,45,26.5,240,0,Unavailable Ret
2025-09-13 06:00:00,KJ0003A,-107.18621512120025,KJ0003,False,35.82844449700825,50.97299580929409,45,26.5,0,0,2
2025-09-13 06:00:00,KJ0003B,-106.28216253307671,KJ0003,False,35.82835075629764,50.98490424246488,45,26.5,120,0,Unavailable Ret
2025-09-13 06:00:00,KJ0003C,-103.68189131217316,KJ0003,False,35.82445582647993,50.98323158449499,45,26.5,240,0,0
2025-09-13 07:00:00,KJ0002A,-102.92867398125904,KJ0002,False,35.82070402739771,50.98026425835503,45,26.5,0,0,4
2025-09-13 07:00:00,KJ0002B,-106.2189363543744,KJ0002,False,35.81488828211471,50.97338415355664,45,26.5,120,0,2
2025-09-13 07:00:00,KJ0002C,-102.52488193478439,KJ0002,False,35.83340843526291,50.9797416682572,45,26.5,240,0,Unavailable Ret
2025-09-13 07:00:00,KJ0003A,-105.5086162398403,KJ0003,False,35.8193564414214,50.975624746810574,45,26.5,0,0,0
2025-09-13 07:00:00,KJ0003B,-103.64141442794308,KJ0003,False,35.83128488923825,50.98598058056661,45,26.5,120,0,0
2025-09-13 07:00:00,KJ0003C,-107.13130993839845,KJ0003,False,35.81788926477333,50.98294712740388,45,26.5,240,0,4
2025-09-13 08:00:00,KJ0002A,-107.1878143788845,KJ0002,False,35.83025535113675,50.970350541720514,45,26.5,0,0,4
2025-09-13 08:00:00,KJ0002B,-107.62735465369734,KJ0002,False,35.82972467467363,50.969543139840965,45,26.5,120,0,Unavailable Ret
2025-09-13 08:00:00,KJ0002C,-106.19022368066899,KJ0002,False,35.816604018380296,50.98807087445762,45,26.5,240,0,2
2025-09-13 08:00:00,KJ0003A,-106.98273290830605,KJ0003,False,35.82429204151684,50.96892212405795,45,26.5,0,0,4
2025-09-13 08:00:00,KJ0003B,-106.05728374068772,KJ0003,False,35.81802968863375,50.980103287769076,45,26.5,120,0,0
2025-09-13 08:00:00,KJ0003C,-104.58929709300641,KJ0003,False,35.81836759590921,50.986610665770485,45,26.5,240,0,Unavailable Ret
2025-09-13 09:00:00,KJ0002A,-106.11411619544926,KJ0002,False,35.832046876465895,50.97838219635388,45,26.5,0,0,0
2025-09-13 09:00:00,KJ0002B,-108.39501877326637,KJ0002,False,35.832454114744536,50.97751776096971,45,26.5,120,0,4
2025-09-13 09:00:00,KJ0002C,-105.51328922221009,KJ0002,False,35.820896151836415,50.9705691501424,45,26.5,240,0,4
2025-09-13 09:00:00,KJ0003A,-109.95825747675838,KJ0003,False,35.83406783268356,50.97235159555269,45,26.5,0,0,2
2025-09-13 09:00:00,KJ0003B,-108.47550612309786,KJ0003,False,35.81800498920468,50.9721212717653,45,26.5,120,0,4
2025-09-13 09:00:00,KJ0003C,-108.41695899697633,KJ0003,False,35.83426044991267,50.97972059930589,45,26.5,240,0,2
2025-09-13 10:00:00,KJ0002A,-108.19437299022452,KJ0002,False,35.81706681089034,50.986240498510405,45,26.5,0,0,2
2025-09-13 10:00:00,KJ0002B,-105.95839556002406,KJ0002,False,35.815807291529886,50.980908084244405,45,26.5,120,0,4
2025-09-13 10:00:00,KJ0002C,-105.50057039346912,KJ0002,False,35.82387832461249,50.988625598902125,45,26.5,240,0,2
2025-09-13 10:00:00,KJ0003A,-109.29633876630423,KJ0003,False,35.81757566346809,50.977362447419445,45,26.5,0,0,0
2025-09-13 10:00:00,KJ0003B,-111.4977778137225,KJ0003,False,35.82939480498195,50.98633494146978,45,26.5,120,0,0
2025-09-13 10:00:00,KJ0003C,-107.43194082730663,KJ0003,False,35.83363429388241,50.986077606622366,45,26.5,240,0,0
2025-09-13 11:00:00,KJ0002A,-106.15595001044576,KJ0002,False,35.82088007818296,50.976809575242186,45,26.5,0,0,0
2025-09-13 11:00:00,KJ0002B,-108.31040650341126,KJ0002,False,35.82857715249827,50.97403588832342,45,26.5,120,0,Unavailable Ret
2025-09-13 11:00:00,KJ0002C,-108.79842720902008,KJ0002,False,35.81677089076222,50.97937634332101,45,26.5,240,0,0
2025-09-13 11:00:00,KJ0003A,-108.47770179003436,KJ0003,False,35.826406106903335,50.98139727652004,45,26.5,0,0,Unavailable Ret
2025-09-13 11:00:00,KJ0003B,-113.554206008562,KJ0003,False,35.830803837240055,50.98362949307768,45,26.5,120,0,2
2025-09-13 11:00:00,KJ0003C,-111.29531513585849,KJ0003,False,35.83129535971846,50.980136828734345,45,26.5,240,0,2
2025-09-13 12:00:00,KJ0002A,-112.19244064973714,KJ0002,False,35.81952131869189,50.98749007906195,45,26.5,0,0,0
2025-09-13 12:00:00,KJ0002B,-110.13574276339897,KJ0002,False,35.82676226381865,50.985028549769254,45,26.5,120,0,Unavailable Ret
2025-09-13 12:00:00,KJ0002C,-109.10759632742104,KJ0002,False,35.83412540887768,50.97314538091572,45,26.5,240,0,2
2025-09-13 12:00:00,KJ0003A,-109.96183674444046,KJ0003,False,35.816008503106424,50.97919198930107,45,26.5,0,0,Unavailable Ret
2025-09-13 12:00:00,KJ0003B,-111.81753934161594,KJ0003,False,35.83344088814213,50.970620194697915,45,26.5,120,0,0
2025-09-13 12:00:00,KJ0003C,-106.6309503307931,KJ0003,False,35.82127388499715,50.987543171447534,45,26.5,240,0,0
2025-09-13 13:00:00,KJ0002A,-112.09405928117043,KJ0002,False,35.827192428000934,50.972027897695426,45,26.5,0,0,Unavailable Ret
2025-09-13 13:00:00,KJ0002B,-113.35437975595826,KJ0002,False,35.82652208335679,50.980667034081065,45,26.5,120,0,2
2025-09-13 13:00:00,KJ0002C,-113.95550548817445,KJ0002,False,35.82679022088427,50.970274706874946,45,26.5,240,0,2
2025-09-13 13:00:00,KJ0003A,-115.65003068990198,KJ0003,False,35.82344837062291,50.97656198377675,45,26.5,0,0,4
2025-09-13 13:00:00,KJ0003B,-109.10988930347393,KJ0003,False,35.82031380423547,50.98703173390108,45,26.5,120,0,Unavailable Ret
2025-09-13 13:00:00,KJ0003C,-114.2470225087562,KJ0003,False,35.82221586132883,50.973363031996044,45,26.5,240,0,0
2025-09-13 14:00:00,KJ0002A,-116.2855243551801,KJ0002,False,35.82266678152963,50.972433024359106,45,26.5,0,0,Unavailable Ret
2025-09-13 14:00:00,KJ0002B,-111.87701828240442,KJ0002,False,35.81785580494135,50.974119510394196,45,26.5,120,0,0
2025-09-13 14:00:00,KJ0002C,-112.0838899363519,KJ0002,False,35.82161445988903,50.98595850379182,45,26.5,240,0,0
2025-09-13 14:00:00,KJ0003A,-113.94626259603452,KJ0003,False,35.82437567335022,50.972452733958825,45,26.5,0,0,2
2025-09-13 14:00:00,KJ0003B,-114.02837357327569,KJ0003,False,35.830154667883185,50.97295774621533,45,26.5,120,0,4
2025-09-13 14:00:00,KJ0003C,-110.74765213661385,KJ0003,False,35.82552320123456,50.98592910166371,45,26.5,240,0,4
2025-09-13 15:00:00,KJ0002A,-115.49505780142069,KJ0002,False,35.82500970158627,50.97805165101389,45,26.5,0,0,4
2025-09-13 15:00:00,KJ0002B,-114.32795459049494,KJ0002,False,35.82435096450359,50.98553798856729,45,26.5,120,0,2
2025-09-13 15:00:00,KJ0002C,-111.60772003778101,KJ0002,False,35.8309441561549,50.968913126226894,45,26.5,240,0,Unavailable Ret
2025-09-13 15:00:00,KJ0003A,-113.57573140947204,KJ0003,False,35.82539781242695,50.978471782804384,45,26.5,0,0,0
2025-09-13 15:00:00,KJ0003B,-116.16387542414242,KJ0003,False,35.815856943568626,50.97345958621056,45,26.5,120,0,0
2025-09-13 15:00:00,KJ0003C,-111.94883525856062,KJ0003,False,35.8308332813435,50.97638357583568,45,26.5,240,0,2
2025-09-13 16:00:00,KJ0002A,-113.64647659101226,KJ0002,False,35.81882129319176,50.97314718565709,45,26.5,0,0,4
2025-09-13 16:00:00,KJ0002B,-114.45020210229933,KJ0002,False,35.82240198712896,50.98394120829632,45,26.5,120,0,Unavailable Ret
2025-09-13 16:00:00,KJ0002C,-113.89968555302177,KJ0002,False,35.82304893097224,50.98752821589142,45,26.5,240,0,Unavailable Ret
2025-09-13 16:00:00,KJ0003A,-112.79702431024666,KJ0003,False,35.81825337377105,50.98585023303954,45,26.5,0,0,Unavailable Ret
2025-09-13 16:00:00,KJ0003B,-115.21382487340385,KJ0003,False,35.822870775158144,50.98182307929662,45,26.5,120,0,0
2025-09-13 16:00:00,KJ0003C,-114.10835425326536,KJ0003,False,35.829249662939034,50.986077502980315,45,26.5,240,0,2
2025-09-13 17:00:00,KJ0002A,-115.1383762008932,KJ0002,False,35.81738508874736,50.98779247317041,45,26.5,0,0,0
2025-09-13 17:00:00,KJ0002B,-116.55145219263206,KJ0002,False,35.81579699127395,50.98022669263814,45,26.5,120,0,2
2025-09-13 17:00:00,KJ0002C,-118.76427925989734,KJ0002,False,35.83104935484781,50.98618304302002,45,26.5,240,0,0
2025-09-13 17:00:00,KJ0003A,-114.87211868999783,KJ0003,False,35.814904248510445,50.97028778796528,45,26.5,0,0,0
2025-09-13 17:00:00,KJ0003B,-115.89397404393223,KJ0003,False,35.819383415027694,50.98648990210136,45,26.5,120,0,Unavailable Ret
2025-09-13 17:00:00,KJ0003C,-114.05868299053144,KJ0003,False,35.83062135105382,50.97369890723374,45,26.5,240,0,4
2025-09-13 18:00:00,KJ0002A,-115.3666014190524,KJ0002,False,35.83119796461933,50.97603649801273,45,26.5,0,0,Unavailable Ret
2025-09-13 18:00:00,KJ0002B,-115.03958868904141,KJ0002,False,35.823082891294554,50.97469625733474,45,26.5,120,0,2
2025-09-13 18:00:00,KJ0002C,-114.91780723613358,KJ0002,False,35.82280439101949,50.98791407252983,45,26.5,240,0,4
2025-09-13 18:00:00,KJ0003A,-113.80413793154278,KJ0003,False,35.832223429364284,50.97727659671045,45,26.5,0,0,4
2025-09-13 18:00:00,KJ0003B,-115.82204987300635,KJ0003,False,35.82801939442729,50.97825632838732,45,26.5,120,0,Unavailable Ret
2025-09-13 18:00:00,KJ0003C,-112.95675403185392,KJ0003,False,35.81632260727669,50.98038128090451,45,26.5,240,0,2
2025-09-13 19:00:00,KJ0002A,-112.41364105172457,KJ0002,False,35.823530939482374,50.98381344350502,45,26.5,0,0,0
2025-09-13 19:00:00,KJ0002B,-119.32097000799034,KJ0002,False,35.82188150247264,50.97148937908035,45,26.5,120,0,4
2025-09-13 19:00:00,KJ0002C,-114.49882181084594,KJ0002,False,35.833506440808875,50.98553913550104,45,26.5,240,0,2
2025-09-13 19:00:00,KJ0003A,-117.59366426883022,KJ0003,False,35.824261517060876,50.9863881469079,45,26.5,0,0,0
2025-09-13 19:00:00,KJ0003B,-117.26800078697573,KJ0003,False,35.81543136260489,50.98777805798921,45,26.5,120,0,4
2025-09-13 19:00:00,KJ0003C,-115.03810509044142,KJ0003,False,35.821785224947924,50.98271753070643,45,26.5,240,0,2
2025-09-13 20:00:00,KJ0002A,-114.05900018609277,KJ0002,False,35.82815073714251,50.98707153774526,45,26.5,0,0,0
2025-09-13 20:00:00,KJ0002B,-112.87308973189313,KJ0002,False,35.831226804734094,50.97356685486656,45,26.5,120,0,0
2025-09-13 20:00:00,KJ0002C,-113.44686972208437,KJ0002,False,35.83014536712677,50.97585285382914,45,26.5,240,0,0
2025-09-13 20:00:00,KJ0003A,-115.16533895446595,KJ0003,False,35.82173217000329,50.98555776816252,45,26.5,0,0,4
2025-09-13 20:00:00,KJ0003B,-115.82201127187341,KJ0003,False,35.819819658934996,50.98495811685067,45,26.5,120,0,4
2025-09-13 20:00:00,KJ0003C,-115.65320990395278,KJ0003,False,35.82694323059552,50.98302254382972,45,26.5,240,0,4
2025-09-13 21:00:00,KJ0002A,-114.30196357984997,KJ0002,False,35.816380724855854,50.97596809471699,45,26.5,0,0,Unavailable Ret
2025-09-13 21:00:00,KJ0002B,-112.45205861070036,KJ0002,False,35.81937331827502,50.983640356003164,45,26.5,120,0,2
2025-09-13 21:00:00,KJ0002C,-113.85637266988343,KJ0002,False,35.81561138172697,50.988526439576276,45,26.5,240,0,0
2025-09-13 21:00:00,KJ0003A,-108.53373291006417,KJ0003,False,35.81486823435667,50.969028397119445,45,26.5,0,0,0
2025-09-13 21:00:00,KJ0003B,-112.24086853490579,KJ0003,False,35.82654535815689,50.97775459641806,45,26.5,120,0,Unavailable Ret
2025-09-13 21:00:00,KJ0003C,-116.79130578384317,KJ0003,False,35.83314922226205,50.98877615425358,45,26.5,240,0,Unavailable Ret
2025-09-13 22:00:00,KJ0002A,-108.42825292963641,KJ0002,False,35.83048943701011,50.97673614565756,45,26.5,0,0,Unavailable Ret
2025-09-13 22:00:00,KJ0002B,-111.56204384370307,KJ0002,False,35.81516976263145,50.98749542559812,45,26.5,120,0,4
2025-09-13 22:00:00,KJ0002C,-109.59749068609078,KJ0002,False,35.81521682163764,50.97294374285809,45,26.5,240,0,0
2025-09-13 22:00:00,KJ0003A,-113.97882886320538,KJ0003,False,35.82376139901016,50.985428577408676,45,26.5,0,0,0
2025-09-13 22:00:00,KJ0003B,-112.55843281170797,KJ0003,False,35.82461898193472,50.971234935770006,45,26.5,120,0,0
2025-09-13 22:00:00,KJ0003C,-110.94976975682182,KJ0003,False,35.82391248462066,50.97995824034148,45,26.5,240,0,2
2025-09-13 23:00:00,KJ0002A,-107.25794046007697,KJ0002,False,35.83038031760123,50.97146029237301,45,26.5,0,0,4
2025-09-13 23:00:00,KJ0002B,-110.833020969856,KJ0002,False,35.82156634086643,50.97660197470688,45,26.5,120,0,2
2025-09-13 23:00:00,KJ0002C,-111.98222313892106,KJ0002,False,35.822110951333855,50.97748874333433,45,26.5,240,0,Unavailable Ret
2025-09-13 23:00:00,KJ0003A,-112.0431635270131,KJ0003,False,35.83426923269904,50.97326901782746,45,26.5,0,0,0
2025-09-13 23:00:00,KJ0003B,-110.70001628375286,KJ0003,False,35.827558092245226,50.979974185131056,45,26.5,120,0,0
2025-09-13 23:00:00,KJ0003C,-113.84286549445044,KJ0003,False,35.814989973145664,50.97399621748046,45,26.5,240,0,Unavailable Ret
2025-09-14 00:00:00,KJ0002A,-111.28868053404396,KJ0002,False,35.82777204254522,50.96920716767998,45,26.5,0,0,Unavailable Ret
2025-09-14 00:00:00,KJ0002B,-115.47828041227494,KJ0002,False,35.82529309335389,50.97450001270858,45,26.5,120,0,2
2025-09-14 00:00:00,KJ0002C,-109.55116558411177,KJ0002,False,35.81735205227542,50.97597446338617,45,26.5,240,0,4
2025-09-14 00:00:00,KJ0003A,-108.99641766444472,KJ0003,False,35.82121220282012,50.98560705808098,45,26.5,0,0,4
2025-09-14 00:00:00,KJ0003B,-109.18112293871549,KJ0003,False,35.814993311003676,50.972867982055874,45,26.5,120,0,Unavailable Ret
2025-09-14 00:00:00,KJ0003C,-110.55334354343829,KJ0003,False,35.83473327386341,50.972664210354935,45,26.5,240,0,4
